零件号,校验内容
A01-28040019,A01-28040019#
A01-41330011,A01-41330011#
A01-41330012,A01-41330012#
A01-50000027,A01-50000027#
A01-50000030,A01-50000030#
A01-50000031,A01-50000031#
A01-50000032,A01-50000032#
A01-50000033,A01-50000033#
A01-53060140,A01-53060140#
A01-54020015,A01-54020015#
A01-61070017,A01-61070017#
A01-89010008,A01-89010008#
D01-89320006,D01-89320006#
D01-89694103,D01-89694103#
LAA-20060011,LAA-20060011#
LAA-20070030,LAA-20070030#
LAA-20090014,LAA-20090014#
LAA-30130011,LAA-30130011#
LAA-35020013,LAA-35020013#
LAA-51011110,LAA-51011110#
LAA-51011111,LAA-51011111#
LAA-51040011CM07,LAA-51040011CM07#
LAA-56020033,LAA-56020033#
LAA-56020045,LAA-56020045#
LAA-56040011,LAA-56040011#
LAA-61051007,LAA-61051007#
LAA-70010013,LAA-70010013#
LAA-70010016,LAA-70010016#
LAA-70010021,LAA-70010021#
LAA-70010032,LAA-70010032#
LAA-70010037,LAA-70010037#
LAA-70010039,LAA-70010039#
LAA-70010040,LAA-70010040#
LAA-70040017,LAA-70040017#
LAA-70040023,LAA-70040023#
LAA-70050026,LAA-70050026#
LAA-71000027,LAA-71000027#
LAA-81010020,LAA-81010020#
LAA-81010021,LAA-81010021#
LAA-81010022,LAA-81010022#
LAA-81010023,LAA-81010023#
LAA-81020014,LAA-81020014#
LAA-81020015,LAA-81020015#
LAA-81020016,LAA-81020016#
LAA-81090015IX09,LAA-81090015IX09#
LAA-81090016,LAA-81090016#
LAA-81090017,LAA-81090017#
LAA-81090019,LAA-81090019#
LAA-81110020,LAA-81110020#
LAA-89146623,LAA-89146623#
LAA-89372078,LAA-89372078#
LAA-89398105,LAA-89398105#
LAC-10010013,LAC-10010013#
LAC-10010014,LAC-10010014#
LAC-10010015,LAC-10010015#
LAC-10010016,LAC-10010016#
LAC-10010025,LAC-10010025#
LAC-10030014,LAC-10030014#
LAC-10040013,LAC-10040013#
LAC-10040014,LAC-10040014#
LAC-51730014,LAC-51730014#
LAC-15010166,LAC-15010166#
LAC-15010167,LAC-15010167#
LAC-15010171,LAC-15010171#
LAC-20010012,LAC-20010012#
LAC-20010013,LAC-20010013#
LAC-20020011,LAC-20020011#
LAC-20020012,LAC-20020012#
LAC-20020015,LAC-20020015#
LAC-20020016,LAC-20020016#
LAC-20020019,LAC-20020019#
LAC-20020020,LAC-20020020#
LAC-20020023,LAC-20020023#
LAC-20020059,LAC-20020059#
LAC-20020060,LAC-20020060#
LAC-20020063,LAC-20020063#
LAC-20020064,LAC-20020064#
LAC-20020065,LAC-20020065#
LAC-20030019,LAC-20030019#
LAC-20030020,LAC-20030020#
LAC-20030037,LAC-20030037#
LAC-20030038,LAC-20030038#
LAC-20030048,LAC-20030048#
LAC-20030055,LAC-20030055#
LAC-20030056,LAC-20030056#
LAC-20030071,LAC-20030071#
LAC-20030072,LAC-20030072#
LAC-20040012,LAC-20040012#
LAC-20040013,LAC-20040013#
LAC-20040014,LAC-20040014#
LAC-20040015,LAC-20040015#
LAC-20040016,LAC-20040016#
LAC-20040017,LAC-20040017#
LAC-20040018,LAC-20040018#
LAC-20040019,LAC-20040019#
LAC-20040021,LAC-20040021#
LAC-20040022,LAC-20040022#
LAC-20040023,LAC-20040023#
LAC-20040024,LAC-20040024#
LAC-20040025,LAC-20040025#
LAC-20040038,LAC-20040038#
LAC-20040039,LAC-20040039#
LAC-20040040,LAC-20040040#
LAC-20040041,LAC-20040041#
LAC-20050013,LAC-20050013#
LAC-20050018,LAC-20050018#
LAC-20050021,LAC-20050021#
LAC-20060022,LAC-20060022#
LAC-20070013,LAC-20070013#
LAC-20070017,LAC-20070017#
LAC-20070024,LAC-20070024#
LAC-20070025,LAC-20070025#
LAC-20070026,LAC-20070026#
LAC-20070027,LAC-20070027#
LAC-20070028,LAC-20070028#
LAC-20070029,LAC-20070029#
LAC-20070030,LAC-20070030#
LAC-20070031,LAC-20070031#
LAC-20070032,LAC-20070032#
LAC-20070033,LAC-20070033#
LAC-20070034,LAC-20070034#
LAC-20070035,LAC-20070035#
LAC-20070051,LAC-20070051#
LAC-20090012,LAC-20090012#
LAC-20090014,LAC-20090014#
LAC-20090019,LAC-20090019#
LAC-21000013,LAC-21000013#
LAC-21000021,LAC-21000021#
LAC-21010011,LAC-21010011#
LAC-21050011,LAC-21050011#
LAC-21050012,LAC-21050012#
LAC-21050013,LAC-21050013#
LAC-21050014,LAC-21050014#
LAC-21050022,LAC-21050022#
LAC-21050027,LAC-21050027#
LAC-21050028,LAC-21050028#
LAC-21050030,LAC-21050030#
LAC-21050031,LAC-21050031#
LAC-21050033,LAC-21050033#
LAC-21230012,LAC-21230012#
LAC-21270014,LAC-21270014#
LAC-21270015,LAC-21270015#
LAC-21270016,LAC-21270016#
LAC-21270017,LAC-21270017#
LAC-21270020,LAC-21270020#
LAC-21270024,LAC-21270024#
LAC-21270025,LAC-21270025#
LAC-21270028,LAC-21270028#
LAC-21270029,LAC-21270029#
LAC-21270030,LAC-21270030#
LAC-22010011,LAC-22010011#
LAC-22010012,LAC-22010012#
LAC-22030011,LAC-22030011#
LAC-22030012,LAC-22030012#
LAC-51730015,LAC-51730015#
LAC-28030071,LAC-28030071#
LAC-28100011,LAC-28100011#
LAC-28100013,LAC-28100013#
LAC-29050011,LAC-29050011#
LAC-29050012,LAC-29050012#
LAC-29060012,LAC-29060012#
LAC-29060013,LAC-29060013#
LAC-29140011,LAC-29140011#
LAC-29140014,LAC-29140014#
LAC-29140015,LAC-29140015#
LAC-29140019,LAC-29140019#
LAC-29140020,LAC-29140020#
LAC-29160012,LAC-29160012#
LAC-29160013,LAC-29160013#
LAC-30010011,LAC-30010011#
LAC-30010012,LAC-30010012#
LAC-30010023,LAC-30010023#
LAC-30010024,LAC-30010024#
LAC-30010028,LAC-30010028#
LAC-30030011,LAC-30030011#
LAC-30040011,LAC-30040011#
LAC-30040014,LAC-30040014#
LAC-30050013,LAC-30050013#
LAC-30050015,LAC-30050015#
LAC-30050016,LAC-30050016#
LAC-30070011,LAC-30070011#
LAC-30070012,LAC-30070012#
LAC-30090013,LAC-30090013#
LAC-30100011,LAC-30100011#
LAC-30100013,LAC-30100013#
LAC-30120011,LAC-30120011#
LAC-30130014,LAC-30130014#
LAC-30150011,LAC-30150011#
LAC-31010013,LAC-31010013#
LAC-33010011,LAC-33010011#
LAC-33010012,LAC-33010012#
LAC-34020011IA08,LAC-34020011IA08#
LAC-34020011IH14,LAC-34020011IH14#
LAC-34020011IH15,LAC-34020011IH15#
LAC-34040011,LAC-34040011#
LAC-35010011,LAC-35010011#
LAC-35010012,LAC-35010012#
LAC-35010014,LAC-35010014#
LAC-35020011,LAC-35020011#
LAC-35020012,LAC-35020012#
LAC-35020013,LAC-35020013#
LAC-35040011,LAC-35040011#
LAC-35060011,LAC-35060011#
LAC-35060012,LAC-35060012#
LAC-35060013,LAC-35060013#
LAC-35060014,LAC-35060014#
LAC-35060015,LAC-35060015#
LAC-35060016,LAC-35060016#
LAC-35060017,LAC-35060017#
LAC-35060018,LAC-35060018#
LAC-35060019,LAC-35060019#
LAC-35060020,LAC-35060020#
LAC-35060021,LAC-35060021#
LAC-35650011,LAC-35650011#
LAC-35650013,LAC-35650013#
LAC-39230015,LAC-39230015#
LAC-39230016,LAC-39230016#
LAC-39230017,LAC-39230017#
LAC-39230018,LAC-39230018#
LAC-39230020,LAC-39230020#
LAC-40020016,LAC-40020016#
LAC-40020017,LAC-40020017#
LAC-40020019,LAC-40020019#
LAC-40020021,LAC-40020021#
LAC-40030013,LAC-40030013#
LAC-40110012,LAC-40110012#
LAC-40130013,LAC-40130013#
LAC-40130016,LAC-40130016#
LAC-41210016,LAC-41210016#
LAC-41210017,LAC-41210017#
LAD-50110013,LAD-50110013#
LAC-41340012,LAC-41340012#
LAC-41350013,LAC-41350013#
LAC-41350014,LAC-41350014#
LAD-50110014,LAD-50110014#
LAD-50120013,LAD-50120013#
LAC-50010013IX09,LAC-50010013IX09#
LAC-50010016IX09,LAC-50010016IX09#
LAC-50010019IX09,LAC-50010019IX09#
LAC-50010020IX09,LAC-50010020IX09#
LAC-50010021,LAC-50010021#
LAC-50010022,LAC-50010022#
LAC-50010023,LAC-50010023#
LAC-50010024,LAC-50010024#
LAC-50010025IX09,LAC-50010025IX09#
LAC-50010026IX09,LAC-50010026IX09#
LAC-50010027IX09,LAC-50010027IX09#
LAC-50010029,LAC-50010029#
LAC-50010030,LAC-50010030#
LAC-50020011IX09,LAC-50020011IX09#
LAC-50020012IX09,LAC-50020012IX09#
LAC-50020015IA08,LAC-50020015IA08#
LAC-50020015IH14,LAC-50020015IH14#
LAC-50020015IJ09,LAC-50020015IJ09#
LAC-50020033IA08,LAC-50020033IA08#
LAC-50020033IH14,LAC-50020033IH14#
LAC-50020033IJ09,LAC-50020033IJ09#
LAC-50020036IA08,LAC-50020036IA08#
LAC-50020036IH14,LAC-50020036IH14#
LAC-50020036IJ09,LAC-50020036IJ09#
LAC-50020037IA08,LAC-50020037IA08#
LAC-50020037IH14,LAC-50020037IH14#
LAC-50020037IJ09,LAC-50020037IJ09#
LAC-50020123IA08,LAC-50020123IA08#
LAC-50020123IH14,LAC-50020123IH14#
LAC-50020123IJ09,LAC-50020123IJ09#
LAC-50020190IX09,LAC-50020190IX09#
LAC-50020208IA08,LAC-50020208IA08#
LAC-50020208IH14,LAC-50020208IH14#
LAC-50020208IJ09,LAC-50020208IJ09#
LAC-50030040IA08,LAC-50030040IA08#
LAC-50030040IH14,LAC-50030040IH14#
LAC-50030040IJ09,LAC-50030040IJ09#
LAC-50030073,LAC-50030073#
LAC-50030105IX09,LAC-50030105IX09#
LAC-50030168IH18,LAC-50030168IH18#
LAC-50040011,LAC-50040011#
LAC-50050011,LAC-50050011#
LAC-50050022,LAC-50050022#
LAC-50050023,LAC-50050023#
LAC-50050024,LAC-50050024#
LAC-50050025,LAC-50050025#
LAC-50050026,LAC-50050026#
LAC-50050027,LAC-50050027#
LAC-50050028,LAC-50050028#
LAC-50050029,LAC-50050029#
LAC-50050030,LAC-50050030#
LAC-50060011IA08,LAC-50060011IA08#
LAC-50060011IX09,LAC-50060011IX09#
LAC-50060012IA08,LAC-50060012IA08#
LAC-50060012IX09,LAC-50060012IX09#
LAC-50060013IA08,LAC-50060013IA08#
LAC-50060013IH14,LAC-50060013IH14#
LAC-50060013IJ09,LAC-50060013IJ09#
LAC-50060014IA08,LAC-50060014IA08#
LAC-50060014IH14,LAC-50060014IH14#
LAC-50060014IJ09,LAC-50060014IJ09#
LAC-50060015IX09,LAC-50060015IX09#
LAC-50060016IA08,LAC-50060016IA08#
LAC-50060016IX09,LAC-50060016IX09#
LAC-50060017IA08,LAC-50060017IA08#
LAC-50060017IX09,LAC-50060017IX09#
LAC-50060031IA08,LAC-50060031IA08#
LAC-50060031IX09,LAC-50060031IX09#
LAC-50060032IA08,LAC-50060032IA08#
LAC-50060032IX09,LAC-50060032IX09#
LAC-50060033IX09,LAC-50060033IX09#
LAC-50060034IX09,LAC-50060034IX09#
LAC-50060035IX09,LAC-50060035IX09#
LAC-50060036IX09,LAC-50060036IX09#
LAC-50060045IA08,LAC-50060045IA08#
LAC-50060045IX09,LAC-50060045IX09#
LAC-50060095,LAC-50060095#
LAC-50060096,LAC-50060096#
LAC-50070017,LAC-50070017#
LAC-50070018,LAC-50070018#
LAC-50070021IA08,LAC-50070021IA08#
LAC-50070021IX09,LAC-50070021IX09#
LAC-50070022IA08,LAC-50070022IA08#
LAC-50070022IX09,LAC-50070022IX09#
LAC-50070033IA08,LAC-50070033IA08#
LAC-50070033IH14,LAC-50070033IH14#
LAC-50070033IJ09,LAC-50070033IJ09#
LAC-50070034IA08,LAC-50070034IA08#
LAC-50070034IH14,LAC-50070034IH14#
LAC-50070034IJ09,LAC-50070034IJ09#
LAC-50070055IX09,LAC-50070055IX09#
LAC-50070091,LAC-50070091#
LAC-50070092,LAC-50070092#
LAC-50070097IX09,LAC-50070097IX09#
LAC-50070099IA08,LAC-50070099IA08#
LAC-50070099IH14,LAC-50070099IH14#
LAC-50070099IJ09,LAC-50070099IJ09#
LAC-50070101IA08,LAC-50070101IA08#
LAC-50070101IH14,LAC-50070101IH14#
LAC-50070101IJ09,LAC-50070101IJ09#
LAC-50070121IH15,LAC-50070121IH15#
LAC-50070121IH16,LAC-50070121IH16#
LAC-50070122IH15,LAC-50070122IH15#
LAC-50070122IH16,LAC-50070122IH16#
LAC-50070125IX09,LAC-50070125IX09#
LAC-50090019IA08,LAC-50090019IA08#
LAC-50090019IX09,LAC-50090019IX09#
LAC-50090027IA08,LAC-50090027IA08#
LAC-50090027IX09,LAC-50090027IX09#
LAC-50090028IA08,LAC-50090028IA08#
LAC-50090028IX09,LAC-50090028IX09#
LAC-50110011,LAC-50110011#
LAC-50110012,LAC-50110012#
LAC-50110071IA08,LAC-50110071IA08#
LAC-50110071IH14,LAC-50110071IH14#
LAC-50110071IJ09,LAC-50110071IJ09#
LAC-50110072IA08,LAC-50110072IA08#
LAC-50110072IH14,LAC-50110072IH14#
LAC-50110072IJ09,LAC-50110072IJ09#
LAC-50110107,LAC-50110107#
LAC-50110108,LAC-50110108#
LAC-50110109IX10,LAC-50110109IX10#
LAC-50110110IX10,LAC-50110110IX10#
LAC-50110139IX09,LAC-50110139IX09#
LAC-50110140IX09,LAC-50110140IX09#
LAC-50120011,LAC-50120011#
LAC-50120012,LAC-50120012#
LAC-50120061IX10,LAC-50120061IX10#
LAC-50120070IA08,LAC-50120070IA08#
LAC-50120070IH14,LAC-50120070IH14#
LAC-50120070IJ09,LAC-50120070IJ09#
LAC-50120071IA08,LAC-50120071IA08#
LAC-50120071IH14,LAC-50120071IH14#
LAC-50120071IJ09,LAC-50120071IJ09#
LAC-50120108,LAC-50120108#
LAC-50120109,LAC-50120109#
LAC-50120130IX09,LAC-50120130IX09#
LAC-50120133IX09,LAC-50120133IX09#
LAC-50130011IX09,LAC-50130011IX09#
LAC-50130012IX09,LAC-50130012IX09#
LAC-50150027,LAC-50150027#
LAC-50150030,LAC-50150030#
LAC-50160011,LAC-50160011#
LAC-50160013,LAC-50160013#
LAC-50170015,LAC-50170015#
LAC-50170017,LAC-50170017#
LAC-50170019,LAC-50170019#
LAC-50180012IA08,LAC-50180012IA08#
LAC-50180012IX09,LAC-50180012IX09#
LAC-50180013IA08,LAC-50180013IA08#
LAC-50180013IX09,LAC-50180013IX09#
LAC-50190011IA08,LAC-50190011IA08#
LAC-50190011IX09,LAC-50190011IX09#
LAC-51010298,LAC-51010298#
LAC-51010410,LAC-51010410#
LAC-51010429,LAC-51010429#
LAC-51011176,LAC-51011176#
LAC-51011184,LAC-51011184#
LAC-51012228,LAC-51012228#
LAC-51012244,LAC-51012244#
LAC-51012248,LAC-51012248#
LAC-51012260,LAC-51012260#
LAC-51012265,LAC-51012265#
LAC-51012266,LAC-51012266#
LAC-51020013,LAC-51020013#
LAC-51020014,LAC-51020014#
LAC-51030011IA08,LAC-51030011IA08#
LAC-51030011IH14,LAC-51030011IH14#
LAC-51030011IJ09,LAC-51030011IJ09#
LAC-51030013IA08,LAC-51030013IA08#
LAC-51030013IH14,LAC-51030013IH14#
LAC-51030013IJ09,LAC-51030013IJ09#
LAC-51050030CM07,LAC-51050030CM07#
LAC-51050036IA08,LAC-51050036IA08#
LAC-51050036IH14,LAC-51050036IH14#
LAC-51050036IH15,LAC-51050036IH15#
LAC-51050038IX09,LAC-51050038IX09#
LAC-51060011,LAC-51060011#
LAC-51060012,LAC-51060012#
LAC-51070012,LAC-51070012#
LAC-51070013,LAC-51070013#
LAC-51070016,LAC-51070016#
LAC-51070017,LAC-51070017#
LAC-51070019,LAC-51070019#
LAC-51070020,LAC-51070020#
LAD-50120014,LAD-50120014#
LAD-81120029,LAD-81120029#
LAD-81120030,LAD-81120030#
LAC-52010011,LAC-52010011#
LAC-52010014,LAC-52010014#
LAC-52010017,LAC-52010017#
LAC-52010018,LAC-52010018#
LAC-52020020,LAC-52020020#
LAC-52020021,LAC-52020021#
LAC-52020031,LAC-52020031#
LAC-52020032,LAC-52020032#
LAC-52020033,LAC-52020033#
LAC-52020035,LAC-52020035#
LAC-52020036,LAC-52020036#
LAC-52020037,LAC-52020037#
LAC-52020038,LAC-52020038#
LAC-52020040,LAC-52020040#
LAC-52020046,LAC-52020046#
LAC-52020048,LAC-52020048#
LAC-52020054,LAC-52020054#
LAC-52020056,LAC-52020056#
LAC-52020057,LAC-52020057#
LAC-52020060,LAC-52020060#
LAC-52020071,LAC-52020071#
LAC-52020099,LAC-52020099#
LAC-52030047,LAC-52030047#
LAC-52030048,LAC-52030048#
LAD-81130030,LAD-81130030#
LAC-52060013,LAC-52060013#
LAC-52060022,LAC-52060022#
LAC-52060023,LAC-52060023#
LAC-52060025,LAC-52060025#
LAC-52070023,LAC-52070023#
LAC-52080011,LAC-52080011#
LAC-53011001,LAC-53011001#
LAC-53011088,LAC-53011088#
LAC-53011204,LAC-53011204#
LAC-53011211,LAC-53011211#
LAC-53011213,LAC-53011213#
LAC-53011214,LAC-53011214#
LAC-53011215,LAC-53011215#
LAC-53011216,LAC-53011216#
LAC-53011217,LAC-53011217#
LAC-53011218,LAC-53011218#
LAC-53011222,LAC-53011222#
LAC-53011223,LAC-53011223#
LAC-53011224,LAC-53011224#
LAC-53020023,LAC-53020023#
LAC-53020029CM07,LAC-53020029CM07#
LAC-53020031CM07,LAC-53020031CM07#
LAC-53020032CM07,LAC-53020032CM07#
LAC-53020033CM07,LAC-53020033CM07#
LAC-53020034CM07,LAC-53020034CM07#
LAC-53020035,LAC-53020035#
LAC-53040011,LAC-53040011#
LAC-53040012,LAC-53040012#
LAC-53040013,LAC-53040013#
LAC-53060026IA08,LAC-53060026IA08#
LAC-53060026IH14,LAC-53060026IH14#
LAC-53060026IJ09,LAC-53060026IJ09#
LAC-53060027IH15,LAC-53060027IH15#
LAC-53060027IH17,LAC-53060027IH17#
LAC-53060028IA08,LAC-53060028IA08#
LAC-53060028IH14,LAC-53060028IH14#
LAC-53060028IH15,LAC-53060028IH15#
LAC-53060029IA08,LAC-53060029IA08#
LAC-53060029IH14,LAC-53060029IH14#
LAC-53060029IJ09,LAC-53060029IJ09#
LAC-53060030IX09,LAC-53060030IX09#
LAC-53060031IX09,LAC-53060031IX09#
LAC-53060034IX09,LAC-53060034IX09#
LAC-53060035IX09,LAC-53060035IX09#
LAC-53060038IX13,LAC-53060038IX13#
LAC-53060043IH15,LAC-53060043IH15#
LAC-53060043IH17,LAC-53060043IH17#
LAD-81130031,LAD-81130031#
LAC-53100011,LAC-53100011#
LAC-61020012IX10,LAC-61020012IX10#
LAC-53100015,LAC-53100015#
LAC-53100016,LAC-53100016#
LAC-53100017,LAC-53100017#
LAC-53100018,LAC-53100018#
LAC-53100019,LAC-53100019#
LAC-53100020,LAC-53100020#
LAC-53100021,LAC-53100021#
LAC-54011178,LAC-54011178#
LAC-54011192,LAC-54011192#
LAC-54011194,LAC-54011194#
LAC-54011210,LAC-54011210#
LAC-54011227,LAC-54011227#
LAC-54011243,LAC-54011243#
LAC-54011261,LAC-54011261#
LAC-54011267,LAC-54011267#
LAC-54011276,LAC-54011276#
LAC-54011281,LAC-54011281#
LAC-54011284,LAC-54011284#
LAC-54011295,LAC-54011295#
LAC-54011314,LAC-54011314#
LAC-54011316,LAC-54011316#
LAC-54011324,LAC-54011324#
LAC-54011335,LAC-54011335#
LAC-54011351,LAC-54011351#
LAC-54012228,LAC-54012228#
LAC-54012247,LAC-54012247#
LAC-54012285,LAC-54012285#
LAC-54012289,LAC-54012289#
LAC-54012307,LAC-54012307#
LAC-54012308,LAC-54012308#
LAC-54012313,LAC-54012313#
LAC-54012314,LAC-54012314#
LAC-54012317,LAC-54012317#
LAC-54012318,LAC-54012318#
LAC-54012321,LAC-54012321#
LAC-54012322,LAC-54012322#
LAC-54160011,LAC-54160011#
LAC-54160014,LAC-54160014#
LAC-55010047IX09,LAC-55010047IX09#
LAC-55010048IX09,LAC-55010048IX09#
LAC-55010055IA08,LAC-55010055IA08#
LAC-55010055IH14,LAC-55010055IH14#
LAC-55010055IJ09,LAC-55010055IJ09#
LAC-55030068IA08,LAC-55030068IA08#
LAC-55030068IH14,LAC-55030068IH14#
LAC-55030068IJ09,LAC-55030068IJ09#
LAC-55040017,LAC-55040017#
LAC-55040018,LAC-55040018#
LAC-55040019,LAC-55040019#
LAC-55040020,LAC-55040020#
LAC-55040022IA08,LAC-55040022IA08#
LAC-55040022IH14,LAC-55040022IH14#
LAC-55040022IJ09,LAC-55040022IJ09#
LAC-55040023IA08,LAC-55040023IA08#
LAC-55040023IH14,LAC-55040023IH14#
LAC-55040023IJ09,LAC-55040023IJ09#
LAC-55040024,LAC-55040024#
LAC-55040025IA08,LAC-55040025IA08#
LAC-55040025IH14,LAC-55040025IH14#
LAC-55040025IJ09,LAC-55040025IJ09#
LAC-61020014IX10,LAC-61020014IX10#
LAC-62020017IX10,LAC-62020017IX10#
LAC-62020019IX10,LAC-62020019IX10#
LAD-50030035,LAD-50030035#
LAC-55220014,LAC-55220014#
LAC-55220015,LAC-55220015#
LAD-82130011,LAD-82130011#
LAC-56000026,LAC-56000026#
LAC-53070011,LAC-53070011#
LAC-56020015,LAC-56020015#
LAC-56020016,LAC-56020016#
LAC-56020017,LAC-56020017#
LAC-56080011IX09,LAC-56080011IX09#
LAD-50040011,LAD-50040011#
LAC-56080013,LAC-56080013#
LAC-56140026PB,LAC-56140026PB#
LAC-57010015,LAC-57010015#
LAC-57011056,LAC-57011056#
LAC-57011063,LAC-57011063#
LAC-57020011IA08,LAC-57020011IA08#
LAC-57020011IX09,LAC-57020011IX09#
LAD-50080022,LAD-50080022#
LAC-57030018IA08,LAC-57030018IA08#
LAC-57030018IX09,LAC-57030018IX09#
LAC-58000011IX09,LAC-58000011IX09#
LAC-58100011IX09,LAC-58100011IX09#
LAC-58100013,LAC-58100013#
LAC-58100014IX09,LAC-58100014IX09#
LAC-58100016IX09,LAC-58100016IX09#
LAC-58100019IX09,LAC-58100019IX09#
LAC-58100020IX09,LAC-58100020IX09#
LAC-58100021IX09,LAC-58100021IX09#
LAC-58100022IX09,LAC-58100022IX09#
LAC-58200011,LAC-58200011#
LAC-58200012IA08,LAC-58200012IA08#
LAC-58200012IH14,LAC-58200012IH14#
LAC-58200012IH15,LAC-58200012IH15#
LAC-58200016,LAC-58200016#
LAC-58200018,LAC-58200018#
LAC-60020012,LAC-60020012#
LAC-61010015,LAC-61010015#
LAC-61010016,LAC-61010016#
LAC-61010021,LAC-61010021#
LAC-61010022,LAC-61010022#
LAC-61010028,LAC-61010028#
LAC-61010029,LAC-61010029#
LAC-61010034,LAC-61010034#
LAC-61010035,LAC-61010035#
LAC-61010043,LAC-61010043#
LAC-61010044,LAC-61010044#
LAC-61010051,LAC-61010051#
LAC-61010052,LAC-61010052#
LAC-61010053,LAC-61010053#
LAC-61010054,LAC-61010054#
LAC-56080012IX09,LAC-56080012IX09#
LAC-51090012IX09,LAC-51090012IX09#
LAC-61020015IX09,LAC-61020015IX09#
LAC-61020017IX09,LAC-61020017IX09#
LAC-61030010,LAC-61030010#
LAC-61030011IX10,LAC-61030011IX10#
LAC-61030012IX10,LAC-61030012IX10#
LAC-61030020,LAC-61030020#
LAC-61040011,LAC-61040011#
LAC-61040012,LAC-61040012#
LAC-61050018,LAC-61050018#
LAC-61050019,LAC-61050019#
LAC-61050020,LAC-61050020#
LAC-61050023,LAC-61050023#
LAC-61050024,LAC-61050024#
LAC-61070011,LAC-61070011#
LAC-61070012,LAC-61070012#
LAC-61070013,LAC-61070013#
LAC-61070014,LAC-61070014#
LAC-61070015,LAC-61070015#
LAC-61070016,LAC-61070016#
LAC-61070019,LAC-61070019#
LAC-61070021,LAC-61070021#
LAC-61070024,LAC-61070024#
LAC-61070025,LAC-61070025#
LAC-61070026,LAC-61070026#
LAC-61070027,LAC-61070027#
LAC-61090011,LAC-61090011#
LAD-50010013,LAD-50010013#
LAD-50050012,LAD-50050012#
LAC-62050033,LAC-62050033#
LAC-62050034,LAC-62050034#
LAC-62050035,LAC-62050035#
LAC-62050037,LAC-62050037#
LAC-62070014,LAC-62070014#
LAC-62070015,LAC-62070015#
LAC-62070016,LAC-62070016#
LAC-62070017,LAC-62070017#
LAC-62070025,LAC-62070025#
LAC-62070026,LAC-62070026#
LAC-62070029,LAC-62070029#
LAC-62070030,LAC-62070030#
LAC-62070031,LAC-62070031#
LAC-62070032,LAC-62070032#
LAC-82220023,LAC-82220023#
LAD-30010012,LAD-30010012#
LAD-50010011,LAD-50010011#
LAC-63061053,LAC-63061053#
LAC-63070011,LAC-63070011#
LAC-63090013,LAC-63090013#
LAC-63090014,LAC-63090014#
LAC-65010012,LAC-65010012#
LAC-65010013,LAC-65010013#
LAC-65010031,LAC-65010031#
LAC-65010042,LAC-65010042#
LAC-65010043EA05,LAC-65010043EA05#
LAC-65010043EH014,LAC-65010043EH014#
LAC-65010043ES04,LAC-65010043ES04#
LAC-65010043EX03,LAC-65010043EX03#
LAC-65010043EY04,LAC-65010043EY04#
LAC-65010043PB,LAC-65010043PB#
LAC-65010054,LAC-65010054#
LAC-65010055,LAC-65010055#
LAC-65010056,LAC-65010056#
LAC-65010057,LAC-65010057#
LAC-70010011,LAC-70010011#
LAC-70010020,LAC-70010020#
LAC-70010021,LAC-70010021#
LAC-70010022,LAC-70010022#
LAC-70010023,LAC-70010023#
LAC-70010024,LAC-70010024#
LAC-70010032,LAC-70010032#
LAC-70010037,LAC-70010037#
LAC-70010041,LAC-70010041#
LAC-70010042,LAC-70010042#
LAC-70010043,LAC-70010043#
LAC-70010044IX09,LAC-70010044IX09#
LAC-70010045,LAC-70010045#
LAC-70010053,LAC-70010053#
LAC-70020011,LAC-70020011#
LAC-70020012,LAC-70020012#
LAC-70020023,LAC-70020023#
LAC-70030014,LAC-70030014#
LAC-70030030CM07,LAC-70030030CM07#
LAC-70030031,LAC-70030031#
LAC-70030033,LAC-70030033#
LAC-70040019,LAC-70040019#
LAC-70040022,LAC-70040022#
LAC-70040053,LAC-70040053#
LAC-70040054,LAC-70040054#
LAC-70050015,LAC-70050015#
LAC-70050016,LAC-70050016#
LAC-70050017,LAC-70050017#
LAC-70050018,LAC-70050018#
LAC-70050023,LAC-70050023#
LAC-70050024,LAC-70050024#
LAC-70060011,LAC-70060011#
LAC-70060012,LAC-70060012#
LAC-70060013,LAC-70060013#
LAC-70060014,LAC-70060014#
LAC-70081201,LAC-70081201#
LAC-71000011IA08,LAC-71000011IA08#
LAC-71000011IH14,LAC-71000011IH14#
LAC-71000011IJ09,LAC-71000011IJ09#
LAC-71000012IA08,LAC-71000012IA08#
LAC-71000012IH14,LAC-71000012IH14#
LAC-71000012IJ09,LAC-71000012IJ09#
LAC-80010036,LAC-80010036#
LAC-80010037,LAC-80010037#
LAC-80010044,LAC-80010044#
LAC-80010076,LAC-80010076#
LAC-80010077,LAC-80010077#
LAC-80010099,LAC-80010099#
LAC-80010155,LAC-80010155#
LAC-80010203,LAC-80010203#
LAC-80010242,LAC-80010242#
LAC-80010244,LAC-80010244#
LAC-80010266,LAC-80010266#
LAC-80010293,LAC-80010293#
LAC-80010311,LAC-80010311#
LAC-80010312,LAC-80010312#
LAC-80010313,LAC-80010313#
LAC-80010314,LAC-80010314#
LAC-80010315,LAC-80010315#
LAC-80010316,LAC-80010316#
LAC-80010338,LAC-80010338#
LAC-80010385,LAC-80010385#
LAC-80010446,LAC-80010446#
LAC-80010450,LAC-80010450#
LAC-80010451,LAC-80010451#
LAC-80010454,LAC-80010454#
LAC-80010455,LAC-80010455#
LAC-80010464,LAC-80010464#
LAC-80010482,LAC-80010482#
LAC-80010493,LAC-80010493#
LAC-80010495,LAC-80010495#
LAC-80010497,LAC-80010497#
LAC-80010498,LAC-80010498#
LAC-80010499,LAC-80010499#
LAC-80010500,LAC-80010500#
LAC-80010501,LAC-80010501#
LAC-80010502,LAC-80010502#
LAC-80010532,LAC-80010532#
LAC-80010533,LAC-80010533#
LAC-80010534,LAC-80010534#
LAC-80010535,LAC-80010535#
LAC-80010548,LAC-80010548#
LAC-80010549,LAC-80010549#
LAC-80010551,LAC-80010551#
LAC-80010579,LAC-80010579#
LAC-80010580,LAC-80010580#
LAC-80010617,LAC-80010617#
LAC-80010618,LAC-80010618#
LAC-80010629,LAC-80010629#
LAC-80010630,LAC-80010630#
LAC-80010631,LAC-80010631#
LAC-80010657,LAC-80010657#
LAC-80010658,LAC-80010658#
LAC-80010663,LAC-80010663#
LAC-80010664,LAC-80010664#
LAC-80010715,LAC-80010715#
LAC-80010716,LAC-80010716#
LAC-80010746,LAC-80010746#
LAC-80010747,LAC-80010747#
LAC-80010782,LAC-80010782#
LAC-80010783,LAC-80010783#
LAC-80010784,LAC-80010784#
LAC-80010799,LAC-80010799#
LAC-80010801,LAC-80010801#
LAC-80010829,LAC-80010829#
LAC-80010830,LAC-80010830#
LAC-80010831,LAC-80010831#
LAC-80010850,LAC-80010850#
LAC-80010851,LAC-80010851#
LAC-80010860,LAC-80010860#
LAC-80010872,LAC-80010872#
LAC-80010951,LAC-80010951#
LAC-80010952,LAC-80010952#
LAC-80010987,LAC-80010987#
LAC-80010989,LAC-80010989#
LAC-80010990,LAC-80010990#
LAC-80010991,LAC-80010991#
LAC-80011006,LAC-80011006#
LAC-80011007,LAC-80011007#
LAC-80011025,LAC-80011025#
LAC-80011026,LAC-80011026#
LAC-80011036,LAC-80011036#
LAD-50010012,LAD-50010012#
LAC-80011089,LAC-80011089#
LAC-80011090,LAC-80011090#
LAC-80020014,LAC-80020014#
LAC-81010011,LAC-81010011#
LAC-81010012,LAC-81010012#
LAC-81010021,LAC-81010021#
LAC-81030021,LAC-81030021#
LAC-81030023,LAC-81030023#
LAC-81030027,LAC-81030027#
LAC-81030033,LAC-81030033#
LAC-81030037,LAC-81030037#
LAC-81030038,LAC-81030038#
LAC-81030039,LAC-81030039#
LAC-81037002,LAC-81037002#
LAC-81040021,LAC-81040021#
LAC-81040024,LAC-81040024#
LAC-81040027,LAC-81040027#
LAC-81040031,LAC-81040031#
LAC-81040033,LAC-81040033#
LAC-81040034,LAC-81040034#
LAC-81040035,LAC-81040035#
LAC-81047002,LAC-81047002#
LAC-81050011,LAC-81050011#
LAC-81080011,LAC-81080011#
LAC-81080013,LAC-81080013#
LAC-81080014,LAC-81080014#
LAC-81080015,LAC-81080015#
LAC-81080016,LAC-81080016#
LAC-81080018,LAC-81080018#
LAC-81080020,LAC-81080020#
LAC-81080021,LAC-81080021#
LAC-81080022,LAC-81080022#
LAC-81080028,LAC-81080028#
LAC-81090017,LAC-81090017#
LAC-81090019,LAC-81090019#
LAC-81110012,LAC-81110012#
LAC-81110014,LAC-81110014#
LAC-81110015,LAC-81110015#
LAC-81110016,LAC-81110016#
LAC-81110017,LAC-81110017#
LAC-81110018,LAC-81110018#
LAC-81110019,LAC-81110019#
LAC-81120012,LAC-81120012#
LAC-81120013,LAC-81120013#
LAC-81120014,LAC-81120014#
LAC-81120015,LAC-81120015#
LAC-81120029,LAC-81120029#
LAC-81120031,LAC-81120031#
LAC-81120036,LAC-81120036#
LAC-81120037EA05,LAC-81120037EA05#
LAC-81120037EB09,LAC-81120037EB09#
LAC-81120037EH014,LAC-81120037EH014#
LAC-81120037ES04,LAC-81120037ES04#
LAC-81120037EX03,LAC-81120037EX03#
LAC-81120042,LAC-81120042#
LAC-81120043,LAC-81120043#
LAC-81130011,LAC-81130011#
LAC-81130012,LAC-81130012#
LAC-81130013,LAC-81130013#
LAC-81130014,LAC-81130014#
LAC-81130015,LAC-81130015#
LAC-81130016,LAC-81130016#
LAC-81130017,LAC-81130017#
LAC-81130018,LAC-81130018#
LAC-81130019,LAC-81130019#
LAC-81130035,LAC-81130035#
LAC-81130036,LAC-81130036#
LAC-81130037,LAC-81130037#
LAC-81130038,LAC-81130038#
LAC-81130039,LAC-81130039#
LAC-81130040,LAC-81130040#
LAC-81130045IX10,LAC-81130045IX10#
LAC-81130046IX10,LAC-81130046IX10#
LAC-81130047,LAC-81130047#
LAC-81130048,LAC-81130048#
LAC-81130049EA05,LAC-81130049EA05#
LAC-81130049EB09,LAC-81130049EB09#
LAC-81130049EH014,LAC-81130049EH014#
LAC-81130049ES04,LAC-81130049ES04#
LAC-81130049EX03,LAC-81130049EX03#
LAC-81130054,LAC-81130054#
LAC-81160011,LAC-81160011#
LAC-81160012EA05,LAC-81160012EA05#
LAC-81160012EB09,LAC-81160012EB09#
LAC-81160012EH014,LAC-81160012EH014#
LAC-81160012ES04,LAC-81160012ES04#
LAC-81160012EX03,LAC-81160012EX03#
LAC-81160013,LAC-81160013#
LAC-81170011EA05,LAC-81170011EA05#
LAC-81170011EB09,LAC-81170011EB09#
LAC-81170011EH014,LAC-81170011EH014#
LAC-81170011ES04,LAC-81170011ES04#
LAC-81170011EX03,LAC-81170011EX03#
LAC-81170012,LAC-81170012#
LAC-81230011,LAC-81230011#
LAC-81230012,LAC-81230012#
LAC-81230013,LAC-81230013#
LAC-81230014,LAC-81230014#
LAC-81230015,LAC-81230015#
LAC-81230016,LAC-81230016#
LAC-81230017,LAC-81230017#
LAC-81230019,LAC-81230019#
LAC-82010011,LAC-82010011#
LAC-82010012,LAC-82010012#
LAC-82010019,LAC-82010019#
LAC-82010020,LAC-82010020#
LAC-82020011EA05,LAC-82020011EA05#
LAC-82020011EH014,LAC-82020011EH014#
LAC-82020011ES04,LAC-82020011ES04#
LAC-82020011EX03,LAC-82020011EX03#
LAC-82020012EA05,LAC-82020012EA05#
LAC-82020012EH014,LAC-82020012EH014#
LAC-82020012ES04,LAC-82020012ES04#
LAC-82020012EX03,LAC-82020012EX03#
LAC-82020016EA05,LAC-82020016EA05#
LAC-82020016EH014,LAC-82020016EH014#
LAC-82020016ES04,LAC-82020016ES04#
LAC-82020016EX03,LAC-82020016EX03#
LAC-82020017EA05,LAC-82020017EA05#
LAC-82020017EH014,LAC-82020017EH014#
LAC-82020017ES04,LAC-82020017ES04#
LAC-82020017EX03,LAC-82020017EX03#
LAC-82030012,LAC-82030012#
LAC-82040013,LAC-82040013#
LAC-82040014,LAC-82040014#
LAC-82050068,LAC-82050068#
LAC-82050069,LAC-82050069#
LAC-82080025,LAC-82080025#
LAC-82080026,LAC-82080026#
LAC-82090011,LAC-82090011#
LAC-82090014,LAC-82090014#
LAC-82090017,LAC-82090017#
LAC-82090033,LAC-82090033#
LAC-82090037,LAC-82090037#
LAD-80012105,LAD-80012105#
LAC-82130011IX09,LAC-82130011IX09#
LAC-82130016IA08,LAC-82130016IA08#
LAC-82130016IX09,LAC-82130016IX09#
LAC-82140011,LAC-82140011#
LAC-82160013,LAC-82160013#
LAC-82160014EA05,LAC-82160014EA05#
LAC-82160014EH014,LAC-82160014EH014#
LAC-82160014ES04,LAC-82160014ES04#
LAC-82160014EX03,LAC-82160014EX03#
LAC-82160022,LAC-82160022#
LAC-82160023,LAC-82160023#
LAC-82160026,LAC-82160026#
LAD-82230011,LAD-82230011#
LAC-82190030,LAC-82190030#
LAC-82190031,LAC-82190031#
LAC-82190032,LAC-82190032#
LAC-82190035,LAC-82190035#
LAC-82190036,LAC-82190036#
LAC-82190037,LAC-82190037#
LAC-82190038,LAC-82190038#
LAC-82190039,LAC-82190039#
LAC-82190040,LAC-82190040#
LAC-82190041,LAC-82190041#
LAC-82190042,LAC-82190042#
LAC-82190043,LAC-82190043#
LAC-82190044,LAC-82190044#
LAC-82190045,LAC-82190045#
LAC-82190048,LAC-82190048#
LAC-82190049,LAC-82190049#
LAC-82190050,LAC-82190050#
LAC-82190051,LAC-82190051#
LAC-82220015,LAC-82220015#
LAC-82220016,LAC-82220016#
LAC-82220017,LAC-82220017#
LAC-82220018,LAC-82220018#
LAC-82220022,LAC-82220022#
LAD-82230013,LAD-82230013#
LAC-82220024,LAC-82220024#
LAC-82220025,LAC-82220025#
LAC-82290011,LAC-82290011#
LAC-82290012,LAC-82290012#
LAC-82290013,LAC-82290013#
LAC-82290014,LAC-82290014#
LAC-82300011,LAC-82300011#
LAC-84001045,LAC-84001045#
LAC-84001048,LAC-84001048#
LAC-84001051,LAC-84001051#
LAC-84001292,LAC-84001292#
LAC-84001319,LAC-84001319#
LAC-84001391,LAC-84001391#
LAC-84001421,LAC-84001421#
LAC-84002063,LAC-84002063#
LAC-84002064,LAC-84002064#
LAC-84002072,LAC-84002072#
LAC-84002073,LAC-84002073#
LAC-84020011,LAC-84020011#
LAC-84020012,LAC-84020012#
LAC-84020013,LAC-84020013#
LAC-84020016,LAC-84020016#
LAC-84022013,LAC-84022013#
LAC-84022224,LAC-84022224#
LAC-84022225,LAC-84022225#
LAC-84022229,LAC-84022229#
LAC-84022232,LAC-84022232#
LAC-84022233,LAC-84022233#
LAC-84031044,LAC-84031044#
LAC-84031046,LAC-84031046#
LAC-84031054,LAC-84031054#
LAC-84031055,LAC-84031055#
LAC-89140122,LAC-89140122#
LAC-89146632,LAC-89146632#
LAC-89146830,LAC-89146830#
LAC-89146833,LAC-89146833#
LAC-89184133,LAC-89184133#
LAC-89184822,LAC-89184822#
LAC-89184920,LAC-89184920#
LAC-89185008,LAC-89185008#
LAC-89185011,LAC-89185011#
LAC-89185015,LAC-89185015#
LAC-89185034,LAC-89185034#
LAC-89185042,LAC-89185042#
LAC-89185059,LAC-89185059#
LAC-89185061,LAC-89185061#
LAC-89185072,LAC-89185072#
LAC-89185073,LAC-89185073#
LAC-89185078,LAC-89185078#
LAC-89185118,LAC-89185118#
LAC-89185126,LAC-89185126#
LAC-89185149,LAC-89185149#
LAC-89185155,LAC-89185155#
LAC-89185223,LAC-89185223#
LAC-89185235,LAC-89185235#
LAC-89185243,LAC-89185243#
LAC-89185258,LAC-89185258#
LAC-89185268,LAC-89185268#
LAC-89185343,LAC-89185343#
LAC-89185429,LAC-89185429#
LAC-89185839,LAC-89185839#
LAC-89186020,LAC-89186020#
LAC-89186042,LAC-89186042#
LAC-89186062,LAC-89186062#
LAC-89186157,LAC-89186157#
LAC-89186265,LAC-89186265#
LAC-89186287,LAC-89186287#
LAC-89186366,LAC-89186366#
LAC-89186620,LAC-89186620#
LAC-89186632,LAC-89186632#
LAC-89186827,LAC-89186827#
LAC-89186898,LAC-89186898#
LAC-89215812,LAC-89215812#
LAC-89320018,LAC-89320018#
LAC-89326010,LAC-89326010#
LAC-89372278,LAC-89372278#
LAC-89398007,LAC-89398007#
LAC-89480060,LAC-89480060#
LAC-89480061,LAC-89480061#
LAC-89480062,LAC-89480062#
LAC-89696106,LAC-89696106#
LAC-89697104,LAC-89697104#
LAC-89726014,LAC-89726014#
LAC-89726114,LAC-89726114#
LAC-89745208,LAC-89745208#
LAD-82170012,LAD-82170012#
LAD-10030011,LAD-10030011#
LAD-10030012,LAD-10030012#
LAD-15010011,LAD-15010011#
LAD-15010012,LAD-15010012#
LAD-15010014,LAD-15010014#
LAD-20010011,LAD-20010011#
LAD-20010012,LAD-20010012#
LAD-20010013,LAD-20010013#
LAD-20010014,LAD-20010014#
LAD-20010015,LAD-20010015#
LAD-20010018,LAD-20010018#
LAD-20010019,LAD-20010019#
LAD-20010021,LAD-20010021#
LAD-20020013,LAD-20020013#
LAD-20020023,LAD-20020023#
LAD-20020026,LAD-20020026#
LAD-20020029,LAD-20020029#
LAD-20020032,LAD-20020032#
LAD-20020034,LAD-20020034#
LAD-20020035,LAD-20020035#
LAD-20020040,LAD-20020040#
LAD-20020041,LAD-20020041#
LAD-20020052,LAD-20020052#
LAD-20020055,LAD-20020055#
LAD-20020056,LAD-20020056#
LAD-20020062,LAD-20020062#
LAD-20020063,LAD-20020063#
LAD-20020066,LAD-20020066#
LAD-20020067,LAD-20020067#
LAD-20030022,LAD-20030022#
LAD-20030024,LAD-20030024#
LAD-20030025,LAD-20030025#
LAD-20030042,LAD-20030042#
LAD-20030043,LAD-20030043#
LAD-20030046,LAD-20030046#
LAD-20030047,LAD-20030047#
LAD-20030065,LAD-20030065#
LAD-20030070,LAD-20030070#
LAD-20040012,LAD-20040012#
LAD-20040013,LAD-20040013#
LAD-20040016,LAD-20040016#
LAD-20040017,LAD-20040017#
LAD-20040018,LAD-20040018#
LAD-20040019,LAD-20040019#
LAD-20040020,LAD-20040020#
LAD-20040021,LAD-20040021#
LAD-20040022,LAD-20040022#
LAD-20040023,LAD-20040023#
LAD-20040027,LAD-20040027#
LAD-20050013,LAD-20050013#
LAD-20050016,LAD-20050016#
LAD-20050022,LAD-20050022#
LAD-20050027,LAD-20050027#
LAD-20060014,LAD-20060014#
LAD-20060020,LAD-20060020#
LAD-20060022,LAD-20060022#
LAD-20070011,LAD-20070011#
LAD-20070012,LAD-20070012#
LAD-20070013,LAD-20070013#
LAD-20070014,LAD-20070014#
LAD-20070015,LAD-20070015#
LAD-20070016,LAD-20070016#
LAD-20070017,LAD-20070017#
LAD-20070022,LAD-20070022#
LAD-20070023,LAD-20070023#
LAD-20070024,LAD-20070024#
LAD-20070025,LAD-20070025#
LAD-20070026,LAD-20070026#
LAD-20070027,LAD-20070027#
LAD-20070028,LAD-20070028#
LAD-20070029,LAD-20070029#
LAD-20070030,LAD-20070030#
LAD-20070036,LAD-20070036#
LAD-20070037,LAD-20070037#
LAD-20070038,LAD-20070038#
LAD-20070050,LAD-20070050#
LAD-20070051,LAD-20070051#
LAD-20070052,LAD-20070052#
LAD-20070053,LAD-20070053#
LAD-20070054,LAD-20070054#
LAD-20070055,LAD-20070055#
LAD-20070056,LAD-20070056#
LAD-20070057,LAD-20070057#
LAD-20070058,LAD-20070058#
LAD-20070059,LAD-20070059#
LAD-20070060,LAD-20070060#
LAD-20070063,LAD-20070063#
LAD-20070064,LAD-20070064#
LAD-20070065,LAD-20070065#
LAD-20070066,LAD-20070066#
LAD-20080013,LAD-20080013#
LAD-20080014,LAD-20080014#
LAD-20090013,LAD-20090013#
LAD-20090015,LAD-20090015#
LAD-30010011,LAD-30010011#
LAD-82180033,LAD-82180033#
LAD-30010016,LAD-30010016#
LAD-30010018,LAD-30010018#
LAD-30010019,LAD-30010019#
LAD-30020011,LAD-30020011#
LAD-30020013,LAD-30020013#
LAD-30030011,LAD-30030011#
LAD-30030013,LAD-30030013#
LAD-30040012,LAD-30040012#
LAD-30040014,LAD-30040014#
LAD-30040015,LAD-30040015#
LAD-30040017,LAD-30040017#
LAD-30040018,LAD-30040018#
LAD-30040021,LAD-30040021#
LAD-30040023,LAD-30040023#
LAD-30040025,LAD-30040025#
LAD-30050012,LAD-30050012#
LAD-30050013,LAD-30050013#
LAD-30050015,LAD-30050015#
LAD-30050016,LAD-30050016#
LAD-30050017,LAD-30050017#
LAD-30050018,LAD-30050018#
LAD-30050020,LAD-30050020#
LAD-30050023,LAD-30050023#
LAD-30070011,LAD-30070011#
LAD-30070012,LAD-30070012#
LAD-30070013,LAD-30070013#
LAD-30070014,LAD-30070014#
LAD-30090011,LAD-30090011#
LAD-30090012,LAD-30090012#
LAD-30100015,LAD-30100015#
LAD-30100018,LAD-30100018#
LAD-30120011,LAD-30120011#
LAD-30120014,LAD-30120014#
LAD-30120015,LAD-30120015#
LAD-30120017,LAD-30120017#
LAD-30120018,LAD-30120018#
LAD-30120019,LAD-30120019#
LAD-30120020,LAD-30120020#
LAD-30120021,LAD-30120021#
LAD-30120025,LAD-30120025#
LAD-30120026,LAD-30120026#
LAD-30120029,LAD-30120029#
LAD-30120030,LAD-30120030#
LAD-30120031,LAD-30120031#
LAD-30170011,LAD-30170011#
LAD-82180035,LAD-82180035#
LAD-80011356,LAD-80011356#
LAD-81050013,LAD-81050013#
LAD-50010014,LAD-50010014#
LAD-50010015,LAD-50010015#
LAD-50010016,LAD-50010016#
LAD-50010018,LAD-50010018#
LAD-50010020,LAD-50010020#
LAD-50010023,LAD-50010023#
LAD-50010024,LAD-50010024#
LAD-50010025,LAD-50010025#
LAD-50020012IA08,LAD-50020012IA08#
LAD-50020012IH14,LAD-50020012IH14#
LAD-50020012IJ09,LAD-50020012IJ09#
LAD-50020016IA08,LAD-50020016IA08#
LAD-50020016IH14,LAD-50020016IH14#
LAD-50020016IJ09,LAD-50020016IJ09#
LAD-50020017,LAD-50020017#
LAD-50020018,LAD-50020018#
LAD-50020019IA08,LAD-50020019IA08#
LAD-50020019IH14,LAD-50020019IH14#
LAD-50020019IJ09,LAD-50020019IJ09#
LAD-50020020IJ09,LAD-50020020IJ09#
LAD-50020023IA08,LAD-50020023IA08#
LAD-50020023IH14,LAD-50020023IH14#
LAD-50020023IJ09,LAD-50020023IJ09#
LAD-50020024IA08,LAD-50020024IA08#
LAD-50020024IH14,LAD-50020024IH14#
LAD-50020024IJ09,LAD-50020024IJ09#
LAD-50020028,LAD-50020028#
LAD-50020066,LAD-50020066#
LAD-50020068IA08,LAD-50020068IA08#
LAD-50020068IH14,LAD-50020068IH14#
LAD-50020068IJ09,LAD-50020068IJ09#
LAD-50020070IA08,LAD-50020070IA08#
LAD-50020070IH14,LAD-50020070IH14#
LAD-50020070IJ09,LAD-50020070IJ09#
LAD-50020074,LAD-50020074#
LAD-50020075,LAD-50020075#
LAD-50020091,LAD-50020091#
LAD-50020097,LAD-50020097#
LAD-50020107,LAD-50020107#
LAD-50020179,LAD-50020179#
LAD-50030011IA08,LAD-50030011IA08#
LAD-50030011IH14,LAD-50030011IH14#
LAD-50030011IJ09,LAD-50030011IJ09#
LAD-50030012,LAD-50030012#
LAD-50030014IH15,LAD-50030014IH15#
LAD-50030014IH17,LAD-50030014IH17#
LAD-50030015IA08,LAD-50030015IA08#
LAD-50030015IH14,LAD-50030015IH14#
LAD-50030015IH15,LAD-50030015IH15#
LAD-50030016IA08,LAD-50030016IA08#
LAD-50030016IH14,LAD-50030016IH14#
LAD-50030016IH15,LAD-50030016IH15#
LAD-50030017IA08,LAD-50030017IA08#
LAD-50030017IH14,LAD-50030017IH14#
LAD-50030017IJ09,LAD-50030017IJ09#
LAD-50030018,LAD-50030018#
LAD-50030019,LAD-50030019#
LAD-50030020,LAD-50030020#
LAD-50030021,LAD-50030021#
LAD-50030033,LAD-50030033#
LAD-50030034IH15,LAD-50030034IH15#
LAD-50030034IH17,LAD-50030034IH17#
LAD-81050014,LAD-81050014#
LAD-50030050IA08,LAD-50030050IA08#
LAD-50030050IH14,LAD-50030050IH14#
LAD-50030050IJ09,LAD-50030050IJ09#
LAD-50030153,LAD-50030153#
LAD-50030187IH18,LAD-50030187IH18#
LAD-82120011,LAD-82120011#
LAD-82110011,LAD-82110011#
LAD-50070122,LAD-50070122#
LAD-50050014,LAD-50050014#
LAD-50050016,LAD-50050016#
LAD-50050017,LAD-50050017#
LAD-50050018,LAD-50050018#
LAD-50050019,LAD-50050019#
LAD-50050020,LAD-50050020#
LAD-50050021,LAD-50050021#
LAD-50050022,LAD-50050022#
LAD-50050023,LAD-50050023#
LAD-50050030,LAD-50050030#
LAD-50050031,LAD-50050031#
LAD-50070123,LAD-50070123#
LAD-50070120,LAD-50070120#
LAD-50060025,LAD-50060025#
LAD-50060028,LAD-50060028#
LAD-50060030,LAD-50060030#
LAD-50060038,LAD-50060038#
LAD-50060042IA08,LAD-50060042IA08#
LAD-50060042IH14,LAD-50060042IH14#
LAD-50060042IJ09,LAD-50060042IJ09#
LAD-50060050IA08,LAD-50060050IA08#
LAD-50060050IH14,LAD-50060050IH14#
LAD-50060050IJ09,LAD-50060050IJ09#
LAD-50060056,LAD-50060056#
LAD-50060059,LAD-50060059#
LAD-50070121,LAD-50070121#
LAD-50060061,LAD-50060061#
LAD-50060066,LAD-50060066#
LAD-50060073,LAD-50060073#
LAD-50060076,LAD-50060076#
LAD-50060079,LAD-50060079#
LAD-50070038,LAD-50070038#
LAD-50070040,LAD-50070040#
LAD-50070058,LAD-50070058#
LAD-50070060,LAD-50070060#
LAD-50070116IA08,LAD-50070116IA08#
LAD-50070116IH14,LAD-50070116IH14#
LAD-50070116IJ09,LAD-50070116IJ09#
LAD-50070117IA08,LAD-50070117IA08#
LAD-50070117IH14,LAD-50070117IH14#
LAD-50070117IJ09,LAD-50070117IJ09#
LAD-50060064,LAD-50060064#
LAC-50010012IX09,LAC-50010012IX09#
LAC-13080011,LAC-13080011#
LAC-28030046,LAC-28030046#
LAD-50070124,LAD-50070124#
LAD-50070126,LAD-50070126#
LAD-50070128,LAD-50070128#
LAD-50070130,LAD-50070130#
LAD-50070138,LAD-50070138#
LAD-50070147,LAD-50070147#
LAD-50080011,LAD-50080011#
LAD-50080013,LAD-50080013#
LAD-50080015,LAD-50080015#
LAC-52060011,LAC-52060011#
LAC-63030011,LAC-63030011#
LAD-50090042,LAD-50090042#
LAD-50090050,LAD-50090050#
LAC-50010011IX09,LAC-50010011IX09#
LAC-53100013,LAC-53100013#
LAC-55320015,LAC-55320015#
LAD-50110063,LAD-50110063#
LAD-50110064,LAD-50110064#
LAD-50110077,LAD-50110077#
LAD-50110080,LAD-50110080#
LAD-50110094,LAD-50110094#
LAD-50110138IA08,LAD-50110138IA08#
LAD-50110138IH14,LAD-50110138IH14#
LAD-50110138IJ09,LAD-50110138IJ09#
LAD-50110139IA08,LAD-50110139IA08#
LAD-50110139IH14,LAD-50110139IH14#
LAD-50110139IJ09,LAD-50110139IJ09#
LAD-50110140IA08,LAD-50110140IA08#
LAD-50110140IH14,LAD-50110140IH14#
LAD-50110140IJ09,LAD-50110140IJ09#
LAD-50110141IA08,LAD-50110141IA08#
LAD-50110141IH14,LAD-50110141IH14#
LAD-50110141IJ09,LAD-50110141IJ09#
LAD-50110158,LAD-50110158#
LAD-50110159,LAD-50110159#
LAC-56011027,LAC-56011027#
LAC-80011067,LAC-80011067#
LAD-50120046,LAD-50120046#
LAD-50120048,LAD-50120048#
LAD-50120102IA08,LAD-50120102IA08#
LAD-50120102IH14,LAD-50120102IH14#
LAD-50120102IJ09,LAD-50120102IJ09#
LAD-50120103IA08,LAD-50120103IA08#
LAD-50120103IH14,LAD-50120103IH14#
LAD-50120103IJ09,LAD-50120103IJ09#
LAD-50120104IA08,LAD-50120104IA08#
LAD-50120104IH14,LAD-50120104IH14#
LAD-50120104IJ09,LAD-50120104IJ09#
LAD-50120105IA08,LAD-50120105IA08#
LAD-50120105IH14,LAD-50120105IH14#
LAD-50120105IJ09,LAD-50120105IJ09#
LAD-50120117,LAD-50120117#
LAD-50120118,LAD-50120118#
LAC-82190019,LAC-82190019#
LAC-55120023,LAC-55120023#
LAD-50140011,LAD-50140011#
LAD-50140012,LAD-50140012#
LAD-50140013,LAD-50140013#
LAD-50140014,LAD-50140014#
LAD-50140018,LAD-50140018#
LAD-50140022,LAD-50140022#
LAD-50140023,LAD-50140023#
LAD-50140031,LAD-50140031#
LAD-50140034,LAD-50140034#
LAD-50170011,LAD-50170011#
LAD-50170012,LAD-50170012#
LAD-50170024,LAD-50170024#
LAD-50180013,LAD-50180013#
LAD-50180014,LAD-50180014#
LAD-50180015,LAD-50180015#
LAD-50180016,LAD-50180016#
LAD-50210016,LAD-50210016#
LAD-50210017,LAD-50210017#
LAD-50210023,LAD-50210023#
LAD-51010084,LAD-51010084#
LAD-51010106,LAD-51010106#
LAD-51010107,LAD-51010107#
LAD-51030011IA08,LAD-51030011IA08#
LAD-51030011IH14,LAD-51030011IH14#
LAD-51030011IJ09,LAD-51030011IJ09#
LAD-51030013IA08,LAD-51030013IA08#
LAD-51030013IH14,LAD-51030013IH14#
LAD-51030013IJ09,LAD-51030013IJ09#
LAD-51050014,LAD-51050014#
LAD-51050019,LAD-51050019#
LAD-51050020IA08,LAD-51050020IA08#
LAD-51050020IH14,LAD-51050020IH14#
LAD-51050020IH15,LAD-51050020IH15#
LAD-51050021,LAD-51050021#
LAD-51050025,LAD-51050025#
LAD-51050031,LAD-51050031#
LAD-51050032,LAD-51050032#
LAD-51060011,LAD-51060011#
LAD-51060012,LAD-51060012#
LAD-51060013,LAD-51060013#
LAD-51060014,LAD-51060014#
LAD-51060015,LAD-51060015#
LAD-51060016,LAD-51060016#
LAD-51060017,LAD-51060017#
LAD-51060018,LAD-51060018#
LAD-51060019,LAD-51060019#
LAD-51060020,LAD-51060020#
LAD-51070011,LAD-51070011#
LAD-51070014,LAD-51070014#
LAD-51070017,LAD-51070017#
LAD-51070018,LAD-51070018#
LAD-51070019,LAD-51070019#
LAD-51070022,LAD-51070022#
LAD-51070023,LAD-51070023#
LAD-51070024,LAD-51070024#
LAD-52010013,LAD-52010013#
LAD-52010021,LAD-52010021#
LAD-52010022,LAD-52010022#
LAD-52010023,LAD-52010023#
LAD-52010024,LAD-52010024#
LAD-52010025,LAD-52010025#
LAD-52010026,LAD-52010026#
LAD-52010027,LAD-52010027#
LAD-52010028,LAD-52010028#
LAD-52010032,LAD-52010032#
LAD-52010033,LAD-52010033#
LAD-52010034,LAD-52010034#
LAD-52010035,LAD-52010035#
LAD-52010036,LAD-52010036#
LAD-52020011,LAD-52020011#
LAD-52020012,LAD-52020012#
LAD-52020015,LAD-52020015#
LAD-52020017,LAD-52020017#
LAD-52020020,LAD-52020020#
LAD-52020023,LAD-52020023#
LAD-52020024,LAD-52020024#
LAD-52020025,LAD-52020025#
LAD-52020027,LAD-52020027#
LAD-52020029,LAD-52020029#
LAD-52020031,LAD-52020031#
LAD-52020034,LAD-52020034#
LAD-52020036,LAD-52020036#
LAD-52020038,LAD-52020038#
LAD-52020042,LAD-52020042#
LAD-52020044,LAD-52020044#
LAD-52020048,LAD-52020048#
LAD-52020058,LAD-52020058#
LAD-52020074,LAD-52020074#
LAD-52020076,LAD-52020076#
LAD-52020077,LAD-52020077#
LAD-52020089,LAD-52020089#
LAD-52020090,LAD-52020090#
LAD-52020091,LAD-52020091#
LAD-52020092,LAD-52020092#
LAD-52060015,LAD-52060015#
LAD-52060016,LAD-52060016#
LAD-52060017,LAD-52060017#
LAD-52060032,LAD-52060032#
LAD-52060036,LAD-52060036#
LAD-52070011,LAD-52070011#
LAD-52070013,LAD-52070013#
LAD-52070017,LAD-52070017#
LAD-52070021,LAD-52070021#
LAD-52070026,LAD-52070026#
LAD-52070027,LAD-52070027#
LAD-52080011,LAD-52080011#
LAD-52080020,LAD-52080020#
LAD-52080021,LAD-52080021#
LAD-52080023,LAD-52080023#
LAD-52080025,LAD-52080025#
LAD-52080026,LAD-52080026#
LAD-52090012,LAD-52090012#
LAD-52090014,LAD-52090014#
LAD-52090015,LAD-52090015#
LAD-52090016,LAD-52090016#
LAD-52090018,LAD-52090018#
LAD-52090019,LAD-52090019#
LAD-52090025,LAD-52090025#
LAD-52090026,LAD-52090026#
LAD-52090047,LAD-52090047#
LAC-55120024,LAC-55120024#
LAD-53010025,LAD-53010025#
LAD-53010026,LAD-53010026#
LAD-53010038,LAD-53010038#
LAD-53010039,LAD-53010039#
LAD-53010060,LAD-53010060#
LAD-53010061,LAD-53010061#
LAD-53010062,LAD-53010062#
LAD-53010063,LAD-53010063#
LAD-53010064,LAD-53010064#
LAD-53010066,LAD-53010066#
LAD-53010067,LAD-53010067#
LAD-53010069,LAD-53010069#
LAD-53010070,LAD-53010070#
LAD-53020019,LAD-53020019#
LAD-53020020,LAD-53020020#
LAD-53020026,LAD-53020026#
LAD-54010001,LAD-54010001#
LAD-54010002,LAD-54010002#
LAD-55010029,LAD-55010029#
LAD-55010036IA08,LAD-55010036IA08#
LAD-55010036IH14,LAD-55010036IH14#
LAD-55010036IJ09,LAD-55010036IJ09#
LAD-55020028IA08,LAD-55020028IA08#
LAD-55020028IH14,LAD-55020028IH14#
LAD-55020028IJ09,LAD-55020028IJ09#
LAD-55030015IA08,LAD-55030015IA08#
LAD-55030015IH14,LAD-55030015IH14#
LAD-55030015IJ09,LAD-55030015IJ09#
LAD-55030016IA08,LAD-55030016IA08#
LAD-55030016IH14,LAD-55030016IH14#
LAD-55030016IJ09,LAD-55030016IJ09#
LAD-55030017IA08,LAD-55030017IA08#
LAD-55030017IH14,LAD-55030017IH14#
LAD-55030017IJ09,LAD-55030017IJ09#
LAD-55030039,LAD-55030039#
LAD-55030040,LAD-55030040#
LAD-56010001,LAD-56010001#
LAD-56010018IA08,LAD-56010018IA08#
LAD-56010018IH14,LAD-56010018IH14#
LAD-56010018IH15,LAD-56010018IH15#
LAD-56020011,LAD-56020011#
LAD-56020012,LAD-56020012#
LAD-56020013,LAD-56020013#
LAD-56020015,LAD-56020015#
LAD-56020016,LAD-56020016#
LAD-56020021,LAD-56020021#
LAD-56020022,LAD-56020022#
LAD-56020023,LAD-56020023#
LAD-56030011,LAD-56030011#
LAD-56030012,LAD-56030012#
LAD-56030013IA08,LAD-56030013IA08#
LAD-56030013IH14,LAD-56030013IH14#
LAD-56030013IH15,LAD-56030013IH15#
LAD-56030017,LAD-56030017#
LAD-56040011,LAD-56040011#
LAD-65010055,LAD-65010055#
LAD-65010056,LAD-65010056#
LAD-65010066,LAD-65010066#
LAD-65010094,LAD-65010094#
LAD-70010012,LAD-70010012#
LAD-70010014,LAD-70010014#
LAD-70010015,LAD-70010015#
LAD-70010016,LAD-70010016#
LAD-70010017,LAD-70010017#
LAD-70010018,LAD-70010018#
LAD-70010019,LAD-70010019#
LAD-70020011,LAD-70020011#
LAD-70020012,LAD-70020012#
LAD-70020023,LAD-70020023#
LAD-70020029,LAD-70020029#
LAD-70030011,LAD-70030011#
LAD-70030021,LAD-70030021#
LAD-70040012,LAD-70040012#
LAD-70040013,LAD-70040013#
LAD-70040015,LAD-70040015#
LAD-70040016,LAD-70040016#
LAD-70040018,LAD-70040018#
LAD-70040019,LAD-70040019#
LAD-70040021,LAD-70040021#
LAD-70040022,LAD-70040022#
LAD-70040023,LAD-70040023#
LAD-70040024,LAD-70040024#
LAD-70040026,LAD-70040026#
LAD-70050011,LAD-70050011#
LAD-70050012,LAD-70050012#
LAD-70050013,LAD-70050013#
LAD-70050014,LAD-70050014#
LAD-70050021,LAD-70050021#
LAD-70050026,LAD-70050026#
LAD-70050027,LAD-70050027#
LAD-70081402,LAD-70081402#
LAD-70081403,LAD-70081403#
LAD-80010020,LAD-80010020#
LAD-80010030,LAD-80010030#
LAD-80010033,LAD-80010033#
LAD-80010039,LAD-80010039#
LAD-80010043,LAD-80010043#
LAD-80010050,LAD-80010050#
LAD-80010059,LAD-80010059#
LAD-80010069,LAD-80010069#
LAD-80010073,LAD-80010073#
LAD-80010078,LAD-80010078#
LAD-80017023,LAD-80017023#
LAD-80010084,LAD-80010084#
LAD-80017025,LAD-80017025#
LAD-80010090,LAD-80010090#
LAD-80010108,LAD-80010108#
LAD-80010153,LAD-80010153#
LAD-80010156,LAD-80010156#
LAD-80010528,LAD-80010528#
LAD-80010533,LAD-80010533#
LAD-80010548,LAD-80010548#
LAD-80010555,LAD-80010555#
LAD-80010556,LAD-80010556#
LAD-80010578,LAD-80010578#
LAD-80010596,LAD-80010596#
LAD-80010597,LAD-80010597#
LAD-80010604,LAD-80010604#
LAD-80010797,LAD-80010797#
LAD-80010814,LAD-80010814#
LAD-80010934,LAD-80010934#
LAD-80010945,LAD-80010945#
LAD-80010948,LAD-80010948#
LAD-80017027,LAD-80017027#
LAD-80010950,LAD-80010950#
LAD-80010951,LAD-80010951#
LAD-80010952,LAD-80010952#
LAD-80010953,LAD-80010953#
LAD-80010969,LAD-80010969#
LAD-80010970,LAD-80010970#
LAD-80010971,LAD-80010971#
LAD-80010987,LAD-80010987#
LAD-80010997,LAD-80010997#
LAD-80010998,LAD-80010998#
LAD-80010999,LAD-80010999#
LAD-80011002,LAD-80011002#
LAD-80011010,LAD-80011010#
LAD-80011011,LAD-80011011#
LAD-80011014,LAD-80011014#
LAD-80011022,LAD-80011022#
LAD-80011032,LAD-80011032#
LAD-80011037,LAD-80011037#
LAD-80011087,LAD-80011087#
LAD-80011090,LAD-80011090#
LAD-80017028,LAD-80017028#
LAD-80011122,LAD-80011122#
LAD-80011146,LAD-80011146#
LAD-80011147,LAD-80011147#
LAD-80011149,LAD-80011149#
LAD-80011150,LAD-80011150#
LAD-80011160,LAD-80011160#
LAD-80011166,LAD-80011166#
LAD-80011173,LAD-80011173#
LAD-80011253,LAD-80011253#
LAD-80011255,LAD-80011255#
LAD-80011257,LAD-80011257#
LAD-80011304,LAD-80011304#
LAD-80011305,LAD-80011305#
LAD-80011306,LAD-80011306#
LAD-80011307,LAD-80011307#
LAC-55120021,LAC-55120021#
LAD-80011390,LAD-80011390#
LAD-80011395,LAD-80011395#
LAD-80011445,LAD-80011445#
LAD-80011450,LAD-80011450#
LAD-80011451,LAD-80011451#
LAD-80011452,LAD-80011452#
LAD-80011453,LAD-80011453#
LAD-80011456,LAD-80011456#
LAD-80011457,LAD-80011457#
LAD-80011458,LAD-80011458#
LAD-80011459,LAD-80011459#
LAD-80011464,LAD-80011464#
LAD-80011474,LAD-80011474#
LAD-80011506,LAD-80011506#
LAD-80011509,LAD-80011509#
LAD-80011510,LAD-80011510#
LAD-80011513,LAD-80011513#
LAD-80011518,LAD-80011518#
LAD-80011519,LAD-80011519#
LAD-80011546,LAD-80011546#
LAD-80011547,LAD-80011547#
LAD-80011556,LAD-80011556#
LAD-80011577,LAD-80011577#
LAD-80011578,LAD-80011578#
LAD-80011579,LAD-80011579#
LAD-80011580,LAD-80011580#
LAD-80011583,LAD-80011583#
LAD-80011584,LAD-80011584#
LAD-80011592,LAD-80011592#
LAD-80011593,LAD-80011593#
LAD-80011609,LAD-80011609#
LAD-80011614,LAD-80011614#
LAD-80011616,LAD-80011616#
LAD-80011627,LAD-80011627#
LAD-80011629,LAD-80011629#
LAD-80011633,LAD-80011633#
LAD-80011634,LAD-80011634#
LAD-80011645,LAD-80011645#
LAD-80011646,LAD-80011646#
LAD-80011649,LAD-80011649#
LAD-80011681,LAD-80011681#
LAD-80011683,LAD-80011683#
LAD-80011741,LAD-80011741#
LAD-80011742,LAD-80011742#
LAD-80011752,LAD-80011752#
LAD-80011766,LAD-80011766#
LAD-80011785,LAD-80011785#
LAD-80011786,LAD-80011786#
LAD-80011791,LAD-80011791#
LAD-80011801,LAD-80011801#
LAD-80011802,LAD-80011802#
LAD-80011807,LAD-80011807#
LAD-80011822,LAD-80011822#
LAD-80011823,LAD-80011823#
LAD-80011850,LAD-80011850#
LAD-80011868,LAD-80011868#
LAD-80011872,LAD-80011872#
LAD-80011887,LAD-80011887#
LAD-80011922,LAD-80011922#
LAD-80011923,LAD-80011923#
LAD-80011925,LAD-80011925#
LAD-80011928,LAD-80011928#
LAD-80011930,LAD-80011930#
LAD-80011931,LAD-80011931#
LAD-80011955,LAD-80011955#
LAD-80011963,LAD-80011963#
LAD-80012001,LAD-80012001#
LAD-80012039,LAD-80012039#
LAD-80012046,LAD-80012046#
LAD-80012047,LAD-80012047#
LAD-80012071,LAD-80012071#
LAC-55120022,LAC-55120022#
LAD-80012117,LAD-80012117#
LAD-80020014,LAD-80020014#
LAD-80020015,LAD-80020015#
LAD-80020016,LAD-80020016#
LAD-80020017,LAD-80020017#
LAD-80020018,LAD-80020018#
LAD-80020019,LAD-80020019#
LAD-80020020,LAD-80020020#
LAD-80030011,LAD-80030011#
LAD-81010024,LAD-81010024#
LAD-81010026,LAD-81010026#
LAD-81010032,LAD-81010032#
LAD-81010033,LAD-81010033#
LAD-81010035,LAD-81010035#
LAD-81010042,LAD-81010042#
LAD-81010043,LAD-81010043#
LAD-81020024,LAD-81020024#
LAD-81020026,LAD-81020026#
LAD-81020032,LAD-81020032#
LAD-81020033,LAD-81020033#
LAD-81020034,LAD-81020034#
LAD-81020041,LAD-81020041#
LAD-81020042,LAD-81020042#
LAD-81030019,LAD-81030019#
LAD-81030024,LAD-81030024#
LAD-81030026,LAD-81030026#
LAD-81030028,LAD-81030028#
LAD-81030031,LAD-81030031#
LAD-81030032,LAD-81030032#
LAD-81030033,LAD-81030033#
LAD-81040019,LAD-81040019#
LAD-81040024,LAD-81040024#
LAD-81040026,LAD-81040026#
LAD-81040028,LAD-81040028#
LAD-81040031,LAD-81040031#
LAD-81040033,LAD-81040033#
LAD-81040034,LAD-81040034#
LAC-57030011,LAC-57030011#
LAC-82130011IA08,LAC-82130011IA08#
LAD-81080012,LAD-81080012#
LAD-81080013,LAD-81080013#
LAD-81080018,LAD-81080018#
LAD-81080020,LAD-81080020#
LAD-81080022,LAD-81080022#
LAD-81080023,LAD-81080023#
LAD-81080025,LAD-81080025#
LAD-81080027,LAD-81080027#
LAD-81080028,LAD-81080028#
LAD-81080030,LAD-81080030#
LAD-81080031,LAD-81080031#
LAD-81090016,LAD-81090016#
LAD-81090018,LAD-81090018#
LAD-81090021,LAD-81090021#
LAD-81090023,LAD-81090023#
LAD-81100016,LAD-81100016#
LAD-81100019,LAD-81100019#
LAD-81100023,LAD-81100023#
LAD-81100027,LAD-81100027#
LAD-81100028,LAD-81100028#
LAD-81100029,LAD-81100029#
LAD-81100033,LAD-81100033#
LAD-81100037,LAD-81100037#
LAD-81100048,LAD-81100048#
LAD-81100051,LAD-81100051#
LAD-81100061,LAD-81100061#
LAD-81100062,LAD-81100062#
LAD-81100063,LAD-81100063#
LAD-81110012,LAD-81110012#
LAD-81110013,LAD-81110013#
LAD-81110014,LAD-81110014#
LAD-81110015,LAD-81110015#
LAD-81110016,LAD-81110016#
LAD-81110017,LAD-81110017#
LAD-81110018,LAD-81110018#
LAD-81110032,LAD-81110032#
LAD-81120027,LAD-81120027#
LAD-81120028,LAD-81120028#
LAD-81130032,LAD-81130032#
LAD-81130033,LAD-81130033#
LAD-81120031,LAD-81120031#
LAD-81120032,LAD-81120032#
LAD-81120033,LAD-81120033#
LAD-81120034,LAD-81120034#
LAD-81120035,LAD-81120035#
LAD-81120036,LAD-81120036#
LAD-81120037,LAD-81120037#
LAD-81120041EA05,LAD-81120041EA05#
LAD-81120041EH014,LAD-81120041EH014#
LAD-81120041ER03,LAD-81120041ER03#
LAD-81120041ES04,LAD-81120041ES04#
LAD-81120041EX03,LAD-81120041EX03#
LAD-81120041EY04,LAD-81120041EY04#
LAD-81120045EA05,LAD-81120045EA05#
LAD-81120045EH014,LAD-81120045EH014#
LAD-81120045ER03,LAD-81120045ER03#
LAD-81120045ES04,LAD-81120045ES04#
LAD-81120045EX03,LAD-81120045EX03#
LAD-81120045EY04,LAD-81120045EY04#
LAD-81120049,LAD-81120049#
LAD-81120051,LAD-81120051#
LAD-81120052,LAD-81120052#
LAD-81120053,LAD-81120053#
LAD-81120054,LAD-81120054#
LAD-81120055,LAD-81120055#
LAD-81120056,LAD-81120056#
LAD-81120057,LAD-81120057#
LAD-81120058,LAD-81120058#
LAD-81120059,LAD-81120059#
LAD-81120066,LAD-81120066#
LAD-81120067,LAD-81120067#
LAD-81120074,LAD-81120074#
LAD-81120075,LAD-81120075#
LAD-81120076EA05,LAD-81120076EA05#
LAD-81120076EH014,LAD-81120076EH014#
LAD-81120076ER03,LAD-81120076ER03#
LAD-81120076ES04,LAD-81120076ES04#
LAD-81120076EX03,LAD-81120076EX03#
LAD-81120076EY04,LAD-81120076EY04#
LAD-81120077EA05,LAD-81120077EA05#
LAD-81120077EH014,LAD-81120077EH014#
LAD-81120077ER03,LAD-81120077ER03#
LAD-81120077ES04,LAD-81120077ES04#
LAD-81120077EX03,LAD-81120077EX03#
LAD-81120077EY04,LAD-81120077EY04#
LAD-81120078,LAD-81120078#
LAD-81120080,LAD-81120080#
LAD-81120081,LAD-81120081#
LAD-81120084,LAD-81120084#
LAD-81120085,LAD-81120085#
LAD-81120086,LAD-81120086#
LAD-81120087,LAD-81120087#
LAD-81120088,LAD-81120088#
LAD-81130011,LAD-81130011#
LAD-81130028,LAD-81130028#
LAD-81130029,LAD-81130029#
LAD-82160016,LAD-82160016#
LAD-82080016,LAD-82080016#
LAD-53010011,LAD-53010011#
LAD-10020011,LAD-10020011#
LAD-81130034,LAD-81130034#
LAD-81130035,LAD-81130035#
LAD-81130036,LAD-81130036#
LAD-81130037,LAD-81130037#
LAD-81130039EA05,LAD-81130039EA05#
LAD-81130039EH014,LAD-81130039EH014#
LAD-81130039ER03,LAD-81130039ER03#
LAD-81130039ES04,LAD-81130039ES04#
LAD-81130039EX03,LAD-81130039EX03#
LAD-81130039EY04,LAD-81130039EY04#
LAD-81130043EA05,LAD-81130043EA05#
LAD-81130043EH014,LAD-81130043EH014#
LAD-81130043ER03,LAD-81130043ER03#
LAD-81130043ES04,LAD-81130043ES04#
LAD-81130043EX03,LAD-81130043EX03#
LAD-81130043EY04,LAD-81130043EY04#
LAD-81130050,LAD-81130050#
LAD-81130051,LAD-81130051#
LAD-81130052,LAD-81130052#
LAD-81130053,LAD-81130053#
LAD-81130056,LAD-81130056#
LAD-81130057,LAD-81130057#
LAD-81130058,LAD-81130058#
LAD-81130060,LAD-81130060#
LAD-81130062,LAD-81130062#
LAD-81130063,LAD-81130063#
LAD-81130065,LAD-81130065#
LAD-81130066,LAD-81130066#
LAD-81130067,LAD-81130067#
LAD-81130068,LAD-81130068#
LAD-81130075EA05,LAD-81130075EA05#
LAD-81130075EH014,LAD-81130075EH014#
LAD-81130075ER03,LAD-81130075ER03#
LAD-81130075ES04,LAD-81130075ES04#
LAD-81130075EX03,LAD-81130075EX03#
LAD-81130075EY04,LAD-81130075EY04#
LAD-81130076EA05,LAD-81130076EA05#
LAD-81130076EH014,LAD-81130076EH014#
LAD-81130076ER03,LAD-81130076ER03#
LAD-81130076ES04,LAD-81130076ES04#
LAD-81130076EX03,LAD-81130076EX03#
LAD-81130076EY04,LAD-81130076EY04#
LAD-81130077,LAD-81130077#
LAD-81130078,LAD-81130078#
LAD-81130079,LAD-81130079#
LAD-81130080,LAD-81130080#
LAD-81130083,LAD-81130083#
LAD-81130084,LAD-81130084#
LAD-81130085,LAD-81130085#
LAD-81130086,LAD-81130086#
LAD-81160013,LAD-81160013#
LAD-81160016,LAD-81160016#
LAD-81160018,LAD-81160018#
LAD-81170012,LAD-81170012#
LAD-81170013,LAD-81170013#
LAD-81170016,LAD-81170016#
LAD-81170017,LAD-81170017#
LAD-82010016,LAD-82010016#
LAD-82010017,LAD-82010017#
LAD-82010019,LAD-82010019#
LAD-82010020,LAD-82010020#
LAD-82010021,LAD-82010021#
LAD-82010022,LAD-82010022#
LAD-82010023,LAD-82010023#
LAD-82010024,LAD-82010024#
LAD-82010025,LAD-82010025#
LAD-82010026,LAD-82010026#
LAD-82020011ER03,LAD-82020011ER03#
LAD-82020012ER03,LAD-82020012ER03#
LAD-82020017EA05,LAD-82020017EA05#
LAD-82020017EH014,LAD-82020017EH014#
LAD-82020017ER03,LAD-82020017ER03#
LAD-82020017ES04,LAD-82020017ES04#
LAD-82020017EX03,LAD-82020017EX03#
LAD-82020017EY04,LAD-82020017EY04#
LAD-82020020EA05,LAD-82020020EA05#
LAD-82020020EH014,LAD-82020020EH014#
LAD-82020020ER03,LAD-82020020ER03#
LAD-82020020ES04,LAD-82020020ES04#
LAD-82020020EX03,LAD-82020020EX03#
LAD-82020020EY04,LAD-82020020EY04#
LAD-82020023,LAD-82020023#
LAD-82020024,LAD-82020024#
LAD-82030011,LAD-82030011#
LAD-82040011,LAD-82040011#
LAD-82040012,LAD-82040012#
LAD-82040013,LAD-82040013#
LAD-82040017,LAD-82040017#
LAD-82040019,LAD-82040019#
LAD-82050019,LAD-82050019#
LAD-82050047,LAD-82050047#
LAD-82050048,LAD-82050048#
LAD-82080012,LAD-82080012#
LAD-82080013,LAD-82080013#
LAC-63020011IX09,LAC-63020011IX09#
LAD-82080035,LAD-82080035#
LAD-82080036,LAD-82080036#
LAD-82090025,LAD-82090025#
LAD-82090026,LAD-82090026#
LAD-82090031,LAD-82090031#
LAD-82090032,LAD-82090032#
LAD-82090050,LAD-82090050#
LAD-82100014EA05,LAD-82100014EA05#
LAD-82100014EH014,LAD-82100014EH014#
LAD-82100014ER03,LAD-82100014ER03#
LAD-82100014ES04,LAD-82100014ES04#
LAD-82100014EX03,LAD-82100014EX03#
LAD-82100014EY04,LAD-82100014EY04#
LAD-82100020,LAD-82100020#
LAD-82100024,LAD-82100024#
LAC-63020017IX09,LAC-63020017IX09#
LAD-50060017,LAD-50060017#
LAD-50060020,LAD-50060020#
LAC-41210018,LAC-41210018#
LAD-50050013,LAD-50050013#
LAD-82130018,LAD-82130018#
LAD-82130019,LAD-82130019#
LAD-82150013EA05,LAD-82150013EA05#
LAD-82150013EH014,LAD-82150013EH014#
LAD-82150013ES04,LAD-82150013ES04#
LAD-82150013EX03,LAD-82150013EX03#
LAD-82150013EY04,LAD-82150013EY04#
LAD-82150014EA05,LAD-82150014EA05#
LAD-82150014EH014,LAD-82150014EH014#
LAD-82150014ES04,LAD-82150014ES04#
LAD-82150014EX03,LAD-82150014EX03#
LAD-82150014EY04,LAD-82150014EY04#
LAD-82160011EA05,LAD-82160011EA05#
LAD-82160011EH014,LAD-82160011EH014#
LAD-82160011ER03,LAD-82160011ER03#
LAD-82160011ES04,LAD-82160011ES04#
LAD-82160011EX03,LAD-82160011EX03#
LAD-82160011EY04,LAD-82160011EY04#
LAD-82160013,LAD-82160013#
LAD-82160014,LAD-82160014#
LAD-82160015,LAD-82160015#
LAD-82130012,LAD-82130012#
LAD-82160048ER03,LAD-82160048ER03#
LAD-82170011,LAD-82170011#
LAD-82130016,LAD-82130016#
LAD-82180011EA05,LAD-82180011EA05#
LAD-82180011EH014,LAD-82180011EH014#
LAD-82180011ER03,LAD-82180011ER03#
LAD-82180011ES04,LAD-82180011ES04#
LAD-82180011EX03,LAD-82180011EX03#
LAD-82180011EY04,LAD-82180011EY04#
LAD-82180022,LAD-82180022#
LAD-82180023,LAD-82180023#
LAD-82180024,LAD-82180024#
LAD-82180025,LAD-82180025#
LAD-82180026,LAD-82180026#
LAD-50130015,LAD-50130015#
LAD-50130028,LAD-50130028#
LAD-82180048EA05,LAD-82180048EA05#
LAD-82180048EH014,LAD-82180048EH014#
LAD-82180048ER03,LAD-82180048ER03#
LAD-82180048ES04,LAD-82180048ES04#
LAD-82180048EX03,LAD-82180048EX03#
LAD-82180048EY04,LAD-82180048EY04#
LAD-82190012,LAD-82190012#
LAD-82190013,LAD-82190013#
LAD-82190014,LAD-82190014#
LAD-82190017,LAD-82190017#
LAD-82190018,LAD-82190018#
LAD-82190019,LAD-82190019#
LAD-82190020,LAD-82190020#
LAD-82190021,LAD-82190021#
LAD-82190022,LAD-82190022#
LAD-82190023,LAD-82190023#
LAD-82190024,LAD-82190024#
LAD-82190025,LAD-82190025#
LAD-82190026,LAD-82190026#
LAD-82190027,LAD-82190027#
LAD-82190028,LAD-82190028#
LAD-82190030,LAD-82190030#
LAD-82190031,LAD-82190031#
LAD-82190034,LAD-82190034#
LAD-82190037,LAD-82190037#
LAD-82190038,LAD-82190038#
LAD-82190039,LAD-82190039#
LAD-82190040,LAD-82190040#
LAD-82190041,LAD-82190041#
LAD-82310011,LAD-82310011#
LAD-82200027,LAD-82200027#
LAD-50090011,LAD-50090011#
LAD-82200029,LAD-82200029#
LAD-50090051,LAD-50090051#
LAD-82260011,LAD-82260011#
LAD-82220011,LAD-82220011#
LAD-82220013,LAD-82220013#
LAD-82220017,LAD-82220017#
LAD-82220018,LAD-82220018#
LAD-82220019,LAD-82220019#
LAD-82260012,LAD-82260012#
LAD-82200011,LAD-82200011#
LAD-82200012,LAD-82200012#
LAD-82200013,LAD-82200013#
LAD-82280011,LAD-82280011#
LAD-82280012,LAD-82280012#
LAD-82290011,LAD-82290011#
LAD-82290014,LAD-82290014#
LAD-82290017,LAD-82290017#
LAD-82290020,LAD-82290020#
LAD-82200014,LAD-82200014#
LAD-82310016,LAD-82310016#
LAD-82310019,LAD-82310019#
LAD-82310020,LAD-82310020#
LAD-82310021,LAD-82310021#
LAD-89140618,LAD-89140618#
LAD-89140635,LAD-89140635#
LAD-89146631,LAD-89146631#
LAD-89146730,LAD-89146730#
LAD-89146825,LAD-89146825#
LAD-89148830,LAD-89148830#
LAD-89184150,LAD-89184150#
LAD-89185130,LAD-89185130#
LAD-89185175,LAD-89185175#
LAD-89186103,LAD-89186103#
LAD-89186611,LAD-89186611#
LAD-89215520,LAD-89215520#
LAD-80017017,LAD-80017017#
LAD-80017016,LAD-80017016#
LAD-89215726,LAD-89215726#
LAD-89215916,LAD-89215916#
LAD-89237310,LAD-89237310#
LAD-89330106,LAD-89330106#
LAD-89338010,LAD-89338010#
LAD-89340108,LAD-89340108#
LAD-89400012,LAD-89400012#
LAD-89443844,LAD-89443844#
LAD-89696107,LAD-89696107#
LAE-20070013,LAE-20070013#
LAE-20070014,LAE-20070014#
LAE-50050016,LAE-50050016#
LAE-50180015,LAE-50180015#
LAE-51060011,LAE-51060011#
LAE-51060013,LAE-51060013#
LAE-51060012,LAE-51060012#
LAE-70010019,LAE-70010019#
LAE-70010020,LAE-70010020#
LAE-70020020,LAE-70020020#
LAF-20010011,LAF-20010011#
LAF-30130012PB,LAF-30130012PB#
LAF-51010012IX09,LAF-51010012IX09#
LAF-51010013IX09,LAF-51010013IX09#
LAF-53020025,LAF-53020025#
LAF-65010015,LAF-65010015#
LAF-81100073,LAF-81100073#
LAF-81100074,LAF-81100074#
LAF-81100077,LAF-81100077#
LAF-81100079,LAF-81100079#
LAF-81100081,LAF-81100081#
LAF-81100082,LAF-81100082#
LAF-81100087,LAF-81100087#
LAF-81100093,LAF-81100093#
LAF-81106502,LAF-81106502#
LAF-81106503,LAF-81106503#
LAF-81106505,LAF-81106505#
LAF-81106506,LAF-81106506#
LAF-81106507,LAF-81106507#
LAF-81110019,LAF-81110019#
LAF-81110020,LAF-81110020#
LAF-82090022,LAF-82090022#
LAF-82100011EA05,LAF-82100011EA05#
LAF-82100011EH014,LAF-82100011EH014#
LAF-82100011ES04,LAF-82100011ES04#
LAF-82100011EX03,LAF-82100011EX03#
LAF-82100016,LAF-82100016#
LAF-82100020,LAF-82100020#
LAF-82180011,LAF-82180011#
LAF-82180012,LAF-82180012#
LAF-82180015EA05,LAF-82180015EA05#
LAF-82180015EH014,LAF-82180015EH014#
LAF-82180015ES04,LAF-82180015ES04#
LAF-82180015EX03,LAF-82180015EX03#
LAF-82180018,LAF-82180018#
LAF-82180020,LAF-82180020#
LAF-82180022,LAF-82180022#
LAF-82180037,LAF-82180037#
LAF-82180039,LAF-82180039#
LAN-50060035,LAN-50060035#
LAN-53010013,LAN-53010013#
LAN-70030011IA08,LAN-70030011IA08#
LAN-70030011IX09,LAN-70030011IX09#
LAP-80030012,LAP-80030012#
LAP-89184614,LAP-89184614#
LCH-53010013,LCH-53010013#
M01-11080003,M01-11080003#
M01-35060007,M01-35060007#
M01-35650003,M01-35650003#
M01-37910003,M01-37910003#
M01-50000013,M01-50000013#
M01-50000016,M01-50000016#
M01-50000018,M01-50000018#
M01-51050018,M01-51050018#
M01-51050022,M01-51050022#
M01-51090015,M01-51090015#
M01-54010347,M01-54010347#
M01-61060010,M01-61060010#
M01-61070035,M01-61070035#
M01-61070072,M01-61070072#
M01-82040308,M01-82040308#
M01-89010007,M01-89010007#
M01-89010026,M01-89010026#
M01-89010049,M01-89010049#
M01-89114064,M01-89114064#
M01-89146616,M01-89146616#
M01-89146820,M01-89146820#
M01-89220303,M01-89220303#
M01-89274816,M01-89274816#
M01-89275016,M01-89275016#
M01-89320206,M01-89320206#
M01-89330024,M01-89330024#
M01-89340006,M01-89340006#
M01-89372062,M01-89372062#
M01-89398004,M01-89398004#
M01-89400206,M01-89400206#
M01-89482575,M01-89482575#
M01-89694202,M01-89694202#
Q1140620T25F36,Q1140620T25F36#
Q140B0512F62LS,Q140B0512F62LS#
Q140B0612F70L,Q140B0612F70L#
Q140B0612F70LS,Q140B0612F70LS#
Q140B0616F36L,Q140B0616F36L#
Q140B0616F70L,Q140B0616F70L#
Q140B0620F38L,Q140B0620F38L#
Q140B0625F36L,Q140B0625F36L#
Q140B0630F71L,Q140B0630F71L#
Q140B0635F62L,Q140B0635F62L#
Q140B0635F62LS,Q140B0635F62LS#
Q140B0845TF61L,Q140B0845TF61L#
Q146B0620F62LS,Q146B0620F62LS#
Q146B0622F62L,Q146B0622F62L#
Q146B0630F62L,Q146B0630F62L#
Q146B0630F62LS,Q146B0630F62LS#
Q146B0645F62L,Q146B0645F62L#
Q146B0830F61L,Q146B0830F61L#
Q1840612F71,Q1840612F71#
Q1840616F70,Q1840616F70#
Q1840620F70,Q1840620F70#
Q1840820F61,Q1840820F61#
Q1841030F36,Q1841030F36#
Q1841245TF61,Q1841245TF61#
Q1851055TF61,Q1851055TF61#
Q1851275TF61,Q1851275TF61#
Q1860512F36,Q1860512F36#
Q1860512F70,Q1860512F70#
Q1860612F36,Q1860612F36#
Q1860612F70S,Q1860612F70S#
Q1860612F71,Q1860612F71#
Q1860616F36,Q1860616F36#
Q1860616F70,Q1860616F70#
Q1860620F61,Q1860620F61#
Q1860620TF61S,Q1860620TF61S#
Q1860625F61,Q1860625F61#
Q1860630F70,Q1860630F70#
Q1860645F70,Q1860645F70#
Q1860816F61,Q1860816F61#
Q1860816F70,Q1860816F70#
Q1860820F61,Q1860820F61#
Q1860825TF61,Q1860825TF61#
Q1860830F61,Q1860830F61#
Q1860835F36,Q1860835F36#
Q1860885F61,Q1860885F61#
Q1861020TF61,Q1861020TF61#
Q1861025TF61,Q1861025TF61#
Q215B0525T1F71S,Q215B0525T1F71S#
Q215B0616T1F71,Q215B0616T1F71#
Q215B0620T1F71,Q215B0620T1F71#
Q215B0820T1F71,Q215B0820T1F71#
Q215B0825T1F71S,Q215B0825T1F71S#
Q220B4216F36,Q220B4216F36#
Q220B4816F36,Q220B4816F36#
Q221B4216F38,Q221B4216F38#
Q221B4816F36,Q221B4816F36#
Q2560308T1F36,Q2560308T1F36#
Q2580612T1F61,Q2580612T1F61#
Q2580820T30,Q2580820T30#
Q2580825T1F70S,Q2580825T1F70S#
Q2580830T1F70,Q2580830T1F70#
Q2734213F36,Q2734213F36#
Q2734216F38,Q2734216F38#
Q2734816F36,Q2734816F36#
Q2734816F38,Q2734816F38#
Q27A4216F70,Q27A4216F70#
Q32005F62,Q32005F62#
Q32006F36,Q32006F36#
Q32006F61,Q32006F61#
Q32008F36,Q32008F36#
Q32008F61,Q32008F61#
Q32010F36,Q32010F36#
Q32208F36L,Q32208F36L#
Q32408T13F61,Q32408T13F61#
Q33006F71,Q33006F71#
Q33808T13F70,Q33808T13F70#
Q33810T13F70,Q33810T13F70#
Q33910T13F70,Q33910T13F70#
Q33912T13F70,Q33912T13F70#
Q33914T13F70,Q33914T13F70#
Q33916T13F70,Q33916T13F70#
Q371B06T2,Q371B06T2#
W01-20060011,W01-20060011#
W01-20070030,W01-20070030#
W01-20090013,W01-20090013#
W01-29150031,W01-29150031#
W01-31010017,W01-31010017#
W01-35060029,W01-35060029#
W01-35400011,W01-35400011#
W01-36020012,W01-36020012#
W01-36020041,W01-36020041#
W01-37030011,W01-37030011#
W01-50020046,W01-50020046#
W01-50030082IX09,W01-50030082IX09#
W01-50070032,W01-50070032#
W01-51010493,W01-51010493#
W01-51010494,W01-51010494#
W01-51050013CM07,W01-51050013CM07#
W01-51050024,W01-51050024#
W01-51050025,W01-51050025#
W01-52040011,W01-52040011#
W01-53060175,W01-53060175#
W01-60020012,W01-60020012#
W01-63050011,W01-63050011#
W01-70040013,W01-70040013#
W01-70040016,W01-70040016#
W01-79110013,W01-79110013#
W01-79110015,W01-79110015#
W01-79110017,W01-79110017#
W01-79110019,W01-79110019#
W01-79110021,W01-79110021#
W01-80010200,W01-80010200#
W01-81110012,W01-81110012#
W01-81110013,W01-81110013#
W01-81120016,W01-81120016#
W01-82040011IA08,W01-82040011IA08#
W01-82040011IX09,W01-82040011IX09#
W01-82040012,W01-82040012#
W01-89060025,W01-89060025#
W01-89114503,W01-89114503#
W01-89114603,W01-89114603#
W01-89114818,W01-89114818#
W01-89148620,W01-89148620#
W01-89148821,W01-89148821#
W01-89148845,W01-89148845#
W01-89184035,W01-89184035#
W01-89184050,W01-89184050#
W01-89184128,W01-89184128#
W01-89184190,W01-89184190#
W01-89184820,W01-89184820#
W01-89184833,W01-89184833#
W01-89184870,W01-89184870#
W01-89185832,W01-89185832#
W01-89186127,W01-89186127#
W01-89186187,W01-89186187#
W01-89186822,W01-89186822#
W01-89200522,W01-89200522#
W01-89372613,W01-89372613#
W01-89397201,W01-89397201#
W01-89398103,W01-89398103#
W01-89400216,W01-89400216#
W01-89480016,W01-89480016#
W01-89480017,W01-89480017#
W01-89480024,W01-89480024#
W01-89480029,W01-89480029#
W01-89694107,W01-89694107#
X01-10030013,X01-10030013#
X01-11080011,X01-11080011#
X01-29150021,X01-29150021#
X01-29150022,X01-29150022#
X01-29150036,X01-29150036#
X01-29150037,X01-29150037#
X01-29150051,X01-29150051#
X01-36020020EA05,X01-36020020EA05#
X01-36020020EB09,X01-36020020EB09#
X01-36020020EH014,X01-36020020EH014#
X01-36020020ES04,X01-36020020ES04#
X01-36020020EX03,X01-36020020EX03#
X01-36020020PB,X01-36020020PB#
X01-37000017IX09,X01-37000017IX09#
X01-37000026,X01-37000026#
X01-37920021IH15,X01-37920021IH15#
X01-37920021IH16,X01-37920021IH16#
X01-37920022IH15,X01-37920022IH15#
X01-37920022IH16,X01-37920022IH16#
X01-41040014,X01-41040014#
X01-41040015,X01-41040015#
X01-41270011,X01-41270011#
X01-41310018,X01-41310018#
X01-50000025,X01-50000025#
X01-50000030,X01-50000030#
X01-52050022,X01-52050022#
X01-53050901IX09,X01-53050901IX09#
X01-53100042,X01-53100042#
X01-53100043,X01-53100043#
X01-58200013,X01-58200013#
X01-58200014,X01-58200014#
X01-61052312,X01-61052312#
X01-63090018,X01-63090018#
X01-70040032,X01-70040032#
X01-70040033,X01-70040033#
X01-73000014IH15,X01-73000014IH15#
X01-73000014IH16,X01-73000014IH16#
X01-73000023IH15,X01-73000023IH15#
X01-73000023IH16,X01-73000023IH16#
X01-79110030,X01-79110030#
X01-81010013,X01-81010013#
X01-81110011,X01-81110011#
X01-89140617,X01-89140617#
X01-89146620,X01-89146620#
X01-89146622,X01-89146622#
X01-89184612,X01-89184612#
X01-89184820,X01-89184820#
X01-89184830,X01-89184830#
X01-89184835,X01-89184835#
X01-89184860,X01-89184860#
X01-89184875,X01-89184875#
X01-89185014,X01-89185014#
X01-89185153,X01-89185153#
X01-89185170,X01-89185170#
X01-89186104,X01-89186104#
X01-89186113,X01-89186113#
X01-89186830,X01-89186830#
X01-89186832,X01-89186832#
X01-89186840,X01-89186840#
X01-89215104,X01-89215104#
X01-89215182,X01-89215182#
X01-89215617,X01-89215617#
X01-89215826,X01-89215826#
X01-89274012,X01-89274012#
X01-89274222,X01-89274222#
X01-89275012,X01-89275012#
X01-89275016,X01-89275016#
X01-89275020,X01-89275020#
X01-89276016,X01-89276016#
X01-89276030,X01-89276030#
X01-89320108,X01-89320108#
X01-89326005,X01-89326005#
X01-89326006,X01-89326006#
X01-89340008,X01-89340008#
X01-89397202,X01-89397202#
X01-89399101,X01-89399101#
X01-89482550,X01-89482550#
X01-89483561,X01-89483561#
X01-89483565,X01-89483565#
X01-89484550,X01-89484550#
X01-89640116,X01-89640116#
X01-89696104,X01-89696104#
X01-89696105,X01-89696105#
X01-89745008,X01-89745008#
X02-20040021,X02-20040021#
X02-52050013,X02-52050013#
X03-36000017,X03-36000017#
X03-52050016,X03-52050016#
X03-55010035,X03-55010035#
X03-56020624,X03-56020624#
X03-56020631,X03-56020631#
X03-56020632,X03-56020632#
X03-70040017,X03-70040017#
X03-79110017,X03-79110017#
LAD-80017030,LAD-80017030#
LAD-80017029,LAD-80017029#
W01-89480022,W01-89480022#
LAC-54160013,LAC-54160013#
LAC-36580011,LAC-36580011#
LAC-52060024,LAC-52060024#
LAC-55020038IA08,LAC-55020038IA08#
LAC-55010056IH14,LAC-55010056IH14#
LAC-55020038IH14,LAC-55020038IH14#
LAC-55010056IJ09,LAC-55010056IJ09#
LAC-55020038IJ09,LAC-55020038IJ09#
LAC-55010056IA08,LAC-55010056IA08#
LAC-52020110,LAC-52020110#
LAC-52020109,LAC-52020109#
LAC-52020108,LAC-52020108#
LAD-30150021,LAD-30150021#
LAD-81080015131210191006001,LAD-81080015131210191006001#
LAD-81080017161200188006001,LAD-81080017161200188006001#
LAD-80010899131155235006001,LAD-80010899131155235006001#
LAD-81010013141027257006501,LAD-81010013141027257006501#
LAD-81010029071530169807001,LAD-81010029071530169807001#
LAD-81020029071530169807001,LAD-81020029071530169807001#
LAD-81030013141118261506501,LAD-81030013141118261506501#
LAD-81030017071555167507001,LAD-81030017071555167507001#
LAD-81100014151160161806501,LAD-81100014151160161806501#
LAD-81100015150520165506501,LAD-81100015150520165506501#
LAD-81100018071525353006501,LAD-81100018071525353006501#
LAD-81040017071555167507001,LAD-81040017071555167507001#
LAD-80011094080685137007001,LAD-80011094080685137007001#
LAD-80010722071710396506501,LAD-80010722071710396506501#
LAD-80010552101550178006501,LAD-80010552101550178006501#
LAD-80010641071710396506501,LAD-80010641071710396506501#
LAC-84021007161160197006001,LAC-84021007161160197006001#
LAC-84021005131195203006001,LAC-84021005131195203006001#
LAC-84030002131170310006001,LAC-84030002131170310006001#
LAC-63010003150860176006501,LAC-63010003150860176006501#
LAF-81100100150644190006501,LAF-81100100150644190006501#
LAF-81100101071445184406501,LAF-81100101071445184406501#
LAC-81030017071610172507001,LAC-81030017071610172507001#
LAC-81030015141140281006501,LAC-81030015141140281006501#
LAC-61010012141075251006501,LAC-61010012141075251006501#
LAC-61010027071536155507001,LAC-61010027071536155507001#
LAC-81040017071610172507001,LAC-81040017071610172507001#
LAC-61010014071536155507001,LAC-61010014071536155507001#
LAC-51001005101580177506501,LAC-51001005101580177506501#
LAC-54010147071770407006501,LAC-54010147071770407006501#
LAC-54010003071770407006501,LAC-54010003071770407006501#
LAC-57011058081380077006501,LAC-57011058081380077006501#
X01-36020020ER03,X01-36020020ER03#
LAD-30150022,LAD-30150022#
LAC-82020011ER03,LAC-82020011ER03#
LAC-82020012ER03,LAC-82020012ER03#
LAF-82100011ER03,LAF-82100011ER03#
LAC-82020016ER03,LAC-82020016ER03#
LAC-82020017ER03,LAC-82020017ER03#
LAC-81170011ER03,LAC-81170011ER03#
LAC-81130049ER03,LAC-81130049ER03#
LAC-81120037ER03,LAC-81120037ER03#
LAC-81160012ER03,LAC-81160012ER03#
LAC-82150011ER03,LAC-82150011ER03#
LAC-82150012ER03,LAC-82150012ER03#
LAF-82180015ER03,LAF-82180015ER03#
LAC-82160014ER03,LAC-82160014ER03#
LAC-82160035ER03,LAC-82160035ER03#
LAC-82020017EB09,LAC-82020017EB09#
LAC-82020016EB09,LAC-82020016EB09#
LAC-10040016,LAC-10040016#
LAC-10040015,LAC-10040015#
LAC-82160014EB09,LAC-82160014EB09#
LAF-82180015EB09,LAF-82180015EB09#
LAC-82020012EB09,LAC-82020012EB09#
LAC-82020011EB09,LAC-82020011EB09#
LAF-82100011EB09,LAF-82100011EB09#
LCG-52010018,LCG-52010018#
LCG-52010015,LCG-52010015#
LAD-50120130,LAD-50120130#
LAD-50020172IH14,LAD-50020172IH14#
LAD-50020172IJ09,LAD-50020172IJ09#
LAD-50020172IA08,LAD-50020172IA08#
LAD-89215530,LAD-89215530#
LCF-82200012,LCF-82200012#
LCF-82200011,LCF-82200011#
